----- ADMIN -----
INSERT INTO ADMIN (NO, ID, PWD, NAME)
VALUES (SEQ_ADMIN.NEXTVAL, 'admin01', '1234abcd', '이지수');

INSERT INTO ADMIN (NO, ID, PWD, NAME)
VALUES (SEQ_ADMIN.NEXTVAL, 'admin02', '1234abcd', '나지원');

INSERT INTO ADMIN (NO, ID, PWD, NAME)
VALUES (SEQ_ADMIN.NEXTVAL, 'admin03', '1234abcd', '주선기');



----- HOST -----
INSERT INTO HOST (NO, ID, PWD, NAME, PHONE
, PROFILE)
VALUES (SEQ_HOST.NEXTVAL, 'host01', '1234abcd', '이지수', '01087654321'
, 'host01.jpg');

INSERT INTO HOST (NO, ID, PWD, NAME, PHONE
, PROFILE)
VALUES (SEQ_HOST.NEXTVAL, 'host02', '1234abcd', '이현주', '01087654322'
, 'host02.jpg');

INSERT INTO HOST (NO, ID, PWD, NAME, PHONE
, PROFILE)
VALUES (SEQ_HOST.NEXTVAL, 'host03', '1234abcd', '박성민', '01087654323'
, 'host03.jpg');

INSERT INTO HOST (NO, ID, PWD, NAME, PHONE
, PROFILE)
VALUES (SEQ_HOST.NEXTVAL, 'host04', '1234abcd', '최수정', '01087654324'
, 'host04.jpg');

INSERT INTO HOST (NO, ID, PWD, NAME, PHONE
, PROFILE)
VALUES (SEQ_HOST.NEXTVAL, 'host05', '1234abcd', '배정훈', '01087654325'
, 'host05.jpg');

INSERT INTO HOST (NO, ID, PWD, NAME, PHONE
, PROFILE)
VALUES (SEQ_HOST.NEXTVAL, 'host06', '1234abcd', '한지민', '01087654326'
, 'host06.jpg');

INSERT INTO HOST (NO, ID, PWD, NAME, PHONE
, PROFILE)
VALUES (SEQ_HOST.NEXTVAL, 'host07', '1234abcd', '나지원', '01087654327'
, 'host07.jpg');

INSERT INTO HOST (NO, ID, PWD, NAME, PHONE
, PROFILE)
VALUES (SEQ_HOST.NEXTVAL, 'host08', '1234abcd', '윤아름', '01087654328'
, 'host08.jpg');

INSERT INTO HOST (NO, ID, PWD, NAME, PHONE
, PROFILE)
VALUES (SEQ_HOST.NEXTVAL, 'host09', '1234abcd', '강민호', '01087654329'
, 'host09.jpg');

INSERT INTO HOST (NO, ID, PWD, NAME, PHONE
, PROFILE)
VALUES (SEQ_HOST.NEXTVAL, 'host10', '1234abcd', '주선기', '01087654330'
, 'host10.jpg');



----- PAY_METHOD -----
INSERT INTO PAY_METHOD (PAY_METHOD_CODE, PAY_METHOD_NAME)
VALUES ('P1', 'card');

INSERT INTO PAY_METHOD (PAY_METHOD_CODE, PAY_METHOD_NAME)
VALUES ('P2', 'deposit');

INSERT INTO PAY_METHOD (PAY_METHOD_CODE, PAY_METHOD_NAME)
VALUES ('P3', 'pay');



----- MEMBER -----
INSERT INTO MEMBER (NO, ID, PWD, NAME, EMAIL, PHONE, BIRTH_DATE
, PROFILE)
VALUES (SEQ_MEMBER.NEXTVAL, 'user01', '1234abcd', '김민수', 'minsu.kim@example.com', '01012345671', '19900101'
, 'member01.jpg');

INSERT INTO MEMBER (NO, ID, PWD, NAME, EMAIL, PHONE, BIRTH_DATE
, PROFILE)
VALUES (SEQ_MEMBER.NEXTVAL, 'user02', '1234abcd', '이수진', 'sujin.lee@example.com', '01012345672', '19900202'
, 'member02.jpg');

INSERT INTO MEMBER (NO, ID, PWD, NAME, EMAIL, PHONE, BIRTH_DATE
, PROFILE)
VALUES (SEQ_MEMBER.NEXTVAL, 'user03', '1234abcd', '박영희', 'younghee.park@example.com', '01012345673', '19900303'
, 'member03.jpg');

INSERT INTO MEMBER (NO, ID, PWD, NAME, EMAIL, PHONE, BIRTH_DATE
, PROFILE)
VALUES (SEQ_MEMBER.NEXTVAL, 'user04', '1234abcd', '최준호', 'junho.choi@example.com', '01012345674', '19900404'
, 'member04.jpg');

INSERT INTO MEMBER (NO, ID, PWD, NAME, EMAIL, PHONE, BIRTH_DATE
, PROFILE)
VALUES (SEQ_MEMBER.NEXTVAL, 'user05', '1234abcd', '정다은', 'daeun.jeong@example.com', '01012345675', '19900505'
, 'member05.jpg');

INSERT INTO MEMBER (NO, ID, PWD, NAME, EMAIL, PHONE, BIRTH_DATE
, PROFILE)
VALUES (SEQ_MEMBER.NEXTVAL, 'user06', '1234abcd', '한예슬', 'yesul.han@example.com', '01012345676', '19900606'
, 'member06.jpg');

INSERT INTO MEMBER (NO, ID, PWD, NAME, EMAIL, PHONE, BIRTH_DATE
, PROFILE)
VALUES (SEQ_MEMBER.NEXTVAL, 'user07', '1234abcd', '오민지', 'minji.oh@example.com', '01012345677', '19900707'
, 'member07.jpg');

INSERT INTO MEMBER (NO, ID, PWD, NAME, EMAIL, PHONE, BIRTH_DATE
, PROFILE)
VALUES (SEQ_MEMBER.NEXTVAL, 'user08', '1234abcd', '윤재훈', 'jaehoon.yoon@example.com', '01012345678', '19900808'
, 'member08.jpg');

INSERT INTO MEMBER (NO, ID, PWD, NAME, EMAIL, PHONE, BIRTH_DATE
, PROFILE)
VALUES (SEQ_MEMBER.NEXTVAL, 'user09', '1234abcd', '강하늘', 'haneul.kang@example.com', '01012345679', '19900909'
, 'member09.jpg');

INSERT INTO MEMBER (NO, ID, PWD, NAME, EMAIL, PHONE, BIRTH_DATE
, PROFILE)
VALUES (SEQ_MEMBER.NEXTVAL, 'user10', '1234abcd', '배도윤', 'doyun.bae@example.com', '01012345670', '19901010'
, 'member10.jpg');



----- THEME -----
INSERT INTO THEME (THEME_CODE, THEME_NAME)
VALUES ('T1', 'country');

INSERT INTO THEME (THEME_CODE, THEME_NAME)
VALUES ('T2', 'view');

INSERT INTO THEME (THEME_CODE , THEME_NAME)
VALUES ('T3', 'swim');

INSERT INTO THEME (THEME_CODE, THEME_NAME)
VALUES ('T4', 'beach');

INSERT INTO THEME (THEME_CODE, THEME_NAME)
VALUES ('T5', 'farm');

INSERT INTO THEME (THEME_CODE, THEME_NAME)
VALUES ('T6', 'korean');

INSERT INTO THEME (THEME_CODE, THEME_NAME)
VALUES ('T7', 'camping');

INSERT INTO THEME (THEME_CODE, THEME_NAME)
VALUES ('T8', 'tree');

INSERT INTO THEME (THEME_CODE, THEME_NAME)
VALUES ('T9', 'castle');

INSERT INTO THEME (THEME_CODE, THEME_NAME)
VALUES ('T10', 'new');

INSERT INTO THEME (THEME_CODE, THEME_NAME)
VALUES ('T11', 'lake');

INSERT INTO THEME (THEME_CODE, THEME_NAME)
VALUES ('T12', 'golf');



----- ACCOMMODATION -----
INSERT INTO ACCOMMODATION (NO, HOST_NO, NAME, ADDRESS
, LATITUDE, LONGITUDE
, SWIM_YN, SPA_YN, DISABLED_YN, PARKING_YN, ELEVATOR_YN, BREAKFAST_YN, SMOKE_YN
, IMG_URL)
VALUES (SEQ_ACCOMMODATION.NEXTVAL, (SELECT NO FROM HOST WHERE ID='host01'), '럭셔리 빌라 아리아', '경기 가평군 미사리로 123번길 45, 한국'
, '', ''
, 'N', 'Y', 'N', 'Y', 'N', 'Y', 'N'
, 'lake1.jpg');

INSERT INTO ACCOMMODATION (NO, HOST_NO, NAME, ADDRESS
, LATITUDE, LONGITUDE
, SWIM_YN, SPA_YN, DISABLED_YN, PARKING_YN, ELEVATOR_YN, BREAKFAST_YN, SMOKE_YN
, IMG_URL)
VALUES (SEQ_ACCOMMODATION.NEXTVAL, (SELECT NO FROM HOST WHERE ID='host02'), '고요한 산속 휴양동', '강원 홍천군 북방면 한들로 567, 한국'
, '', ''
, 'Y', 'Y', 'N', 'N', 'Y', 'Y', 'N'
, 'new1.jpg');

INSERT INTO ACCOMMODATION (NO, HOST_NO, NAME, ADDRESS
, LATITUDE, LONGITUDE
, SWIM_YN, SPA_YN, DISABLED_YN, PARKING_YN, ELEVATOR_YN, BREAKFAST_YN, SMOKE_YN
, IMG_URL)
VALUES (SEQ_ACCOMMODATION.NEXTVAL, (SELECT NO FROM HOST WHERE ID='host03'), '한라산 풍경 뷰', '제주 제주시 한림읍 한림로 789, 한국'
, '', ''
, 'Y', 'N', 'N', 'N', 'Y', 'N', 'Y'
, 'piano1.jpg');

INSERT INTO ACCOMMODATION (NO, HOST_NO, NAME, ADDRESS
, LATITUDE, LONGITUDE
, SWIM_YN, SPA_YN, DISABLED_YN, PARKING_YN, ELEVATOR_YN, BREAKFAST_YN, SMOKE_YN
, IMG_URL)
VALUES (SEQ_ACCOMMODATION.NEXTVAL, (SELECT NO FROM HOST WHERE ID='host04'), '푸른 바다와 함께하는 풀빌라', '경남 통영시 소매물도로 234, 한국'
, '', ''
, 'N', 'Y', 'N', 'N', 'Y', 'N', 'N'
, 'small1.jpg');

INSERT INTO ACCOMMODATION (NO, HOST_NO, NAME, ADDRESS
, LATITUDE, LONGITUDE
, SWIM_YN, SPA_YN, DISABLED_YN, PARKING_YN, ELEVATOR_YN, BREAKFAST_YN, SMOKE_YN
, IMG_URL)
VALUES (SEQ_ACCOMMODATION.NEXTVAL, (SELECT NO FROM HOST WHERE ID='host05'), '산소 맑은 곳', '강원 평창군 대관령로 345, 한국'
, '', ''
, 'Y', 'Y', 'N', 'Y', 'Y', 'Y', 'Y'
, 'surf1.jpg');

INSERT INTO ACCOMMODATION (NO, HOST_NO, NAME, ADDRESS
, LATITUDE, LONGITUDE
, SWIM_YN, SPA_YN, DISABLED_YN, PARKING_YN, ELEVATOR_YN, BREAKFAST_YN, SMOKE_YN
, IMG_URL)
VALUES (SEQ_ACCOMMODATION.NEXTVAL, (SELECT NO FROM HOST WHERE ID='host06'), '시원한 계곡 바로 앞', '경기 가평군 가평읍 강상골길 678, 한국'
, '', ''
, 'N', 'N', 'Y', 'Y', 'Y', 'Y', 'N'
, 'swim1.jpg');

INSERT INTO ACCOMMODATION (NO, HOST_NO, NAME, ADDRESS
, LATITUDE, LONGITUDE
, SWIM_YN, SPA_YN, DISABLED_YN, PARKING_YN, ELEVATOR_YN, BREAKFAST_YN, SMOKE_YN
, IMG_URL)
VALUES (SEQ_ACCOMMODATION.NEXTVAL, (SELECT NO FROM HOST WHERE ID='host07'), '포근한 산 속 독채', '강원 인제군 북면 북촌길 789, 한국'
, '', ''
, 'N', 'Y', 'N', 'N', 'N', 'N', 'N'
, 'tree1.jpg');

INSERT INTO ACCOMMODATION (NO, HOST_NO, NAME, ADDRESS
, LATITUDE, LONGITUDE
, SWIM_YN, SPA_YN, DISABLED_YN, PARKING_YN, ELEVATOR_YN, BREAKFAST_YN, SMOKE_YN
, IMG_URL)
VALUES (SEQ_ACCOMMODATION.NEXTVAL, (SELECT NO FROM HOST WHERE ID='host08'), '해안가 휴양 리조트 8', '제주 서귀포시 중문관광로 123, 한국'
, '', ''
, 'Y', 'N', 'Y', 'N', 'Y', 'Y', 'Y'
, 'view1.jpg');

INSERT INTO ACCOMMODATION (NO, HOST_NO, NAME, ADDRESS
, LATITUDE, LONGITUDE
, SWIM_YN, SPA_YN, DISABLED_YN, PARKING_YN, ELEVATOR_YN, BREAKFAST_YN, SMOKE_YN
, IMG_URL)
VALUES (SEQ_ACCOMMODATION.NEXTVAL, (SELECT NO FROM HOST WHERE ID='host09'), '햇빛 가득한 펜션', '충남 태안군 남면 태해로 456, 한국'
, '', ''
, 'N', 'N', 'N', 'Y', 'Y', 'Y', 'Y'
, 'wine1.jpg');

INSERT INTO ACCOMMODATION (NO, HOST_NO, NAME, ADDRESS
, LATITUDE, LONGITUDE
, SWIM_YN, SPA_YN, DISABLED_YN, PARKING_YN, ELEVATOR_YN, BREAKFAST_YN, SMOKE_YN
, IMG_URL)
VALUES (SEQ_ACCOMMODATION.NEXTVAL, (SELECT NO FROM HOST WHERE ID='host10'), '한적한 호수 전망', '강원 춘천시 소양로 567, 한국'
, '', ''
, 'Y', 'N', 'Y', 'N', 'Y', 'Y', 'Y'
, 'beach1.jpg');



----- ROOM -----
-- 숙소 1 
INSERT INTO ROOM (NO, ACCOM_NO, NAME
, THEME_CODE, CAPACITY, BATH_NUM, ROOM_NUM, BED_SINGLE, BED_DOUBLE, BED_QUEEN, WEEKDAY_PRICE, WEEKEND_PRICE
, TOWEL_YN, TV_YN, NETFLIX_YN, AIRCONDITIONER_YN, HEATING_YN, FIREALARM_YN, FIRSTAIDKIT_YN, WIFI_YN, FRIGER_YN, OVEN_YN, HAIRDRYER_YN
, IMG_01, IMG_02, IMG_03, IMG_04, IMG_05)
VALUES (SEQ_ROOM.NEXTVAL, (SELECT NO FROM ACCOMMODATION WHERE HOST_NO = (SELECT NO FROM HOST WHERE ID = 'host01')),'모던 심플'
, 'T1', 10, 2, 5, 1, 2, 1, 100000, 150000
, 'N', 'N', 'N', 'N', 'N', 'N', 'Y', 'Y', 'Y', 'Y', 'Y'
, 'lakeRoom1.jpg', 'lakeRoom2.jpg', 'lakeRoom3.jpg', 'lakeRoom4.jpg', 'lakeRoom5.jpg');

INSERT INTO ROOM (NO, ACCOM_NO, NAME
, THEME_CODE, CAPACITY, BATH_NUM, ROOM_NUM, BED_SINGLE, BED_DOUBLE, BED_QUEEN, WEEKDAY_PRICE, WEEKEND_PRICE
, TOWEL_YN, TV_YN, NETFLIX_YN, AIRCONDITIONER_YN, HEATING_YN, FIREALARM_YN, FIRSTAIDKIT_YN, WIFI_YN, FRIGER_YN, OVEN_YN, HAIRDRYER_YN
, IMG_01, IMG_02, IMG_03, IMG_04, IMG_05)
VALUES (SEQ_ROOM.NEXTVAL, (SELECT NO FROM ACCOMMODATION WHERE HOST_NO = (SELECT NO FROM HOST WHERE ID = 'host01')), '모던 오아시스'
, 'T2', 6, 3, 6, 2, 2, 2, 210000, 300000
, 'Y', 'Y', 'Y', 'Y', 'Y', 'Y', 'N', 'N', 'N', 'N', 'N'
, 'lakeRoom(2)1.jpg', 'lakeRoom(2)2.jpg', 'lakeRoom(2)3.jpg', 'lakeRoom(2)4.jpg', 'lakeRoom(2)5.jpg');

-- 숙소 2 
INSERT INTO ROOM (NO, ACCOM_NO, NAME
, THEME_CODE, CAPACITY, BATH_NUM, ROOM_NUM, BED_SINGLE, BED_DOUBLE, BED_QUEEN, WEEKDAY_PRICE, WEEKEND_PRICE
, TOWEL_YN, TV_YN, NETFLIX_YN, AIRCONDITIONER_YN, HEATING_YN, FIREALARM_YN, FIRSTAIDKIT_YN, WIFI_YN, FRIGER_YN, OVEN_YN, HAIRDRYER_YN
, IMG_01, IMG_02, IMG_03, IMG_04, IMG_05)
VALUES (SEQ_ROOM.NEXTVAL, (SELECT NO FROM ACCOMMODATION WHERE HOST_NO = (SELECT NO FROM HOST WHERE ID = 'host02')), '고요한 안식처'
, 'T3', 2, 1, 2, 0, 1, 0, 80000, 120000
, 'Y', 'N', 'Y', 'N', 'Y', 'N', 'Y', 'N', 'Y', 'N', 'Y'
, 'pianoRoom1.jpg', 'pianoRoom2.jpg', 'pianoRoom3.jpg', 'pianoRoom4.jpg', 'pianoRoom5.jpg');

INSERT INTO ROOM (NO, ACCOM_NO, NAME
, THEME_CODE, CAPACITY, BATH_NUM, ROOM_NUM, BED_SINGLE, BED_DOUBLE, BED_QUEEN, WEEKDAY_PRICE, WEEKEND_PRICE
, TOWEL_YN, TV_YN, NETFLIX_YN, AIRCONDITIONER_YN, HEATING_YN, FIREALARM_YN, FIRSTAIDKIT_YN, WIFI_YN, FRIGER_YN, OVEN_YN, HAIRDRYER_YN
, IMG_01, IMG_02, IMG_03, IMG_04, IMG_05)
VALUES (SEQ_ROOM.NEXTVAL, (SELECT NO FROM ACCOMMODATION WHERE HOST_NO = (SELECT NO FROM HOST WHERE ID = 'host02')), '햇살 가득한 은신처'
, 'T4', 20, 10, 15, 5, 10, 2, 550000, 650000
, 'N', 'Y', 'N', 'Y', 'N', 'Y', 'N', 'Y', 'N', 'Y', 'N'
, 'kidsRoom1.jpg', 'kidsRoom2.jpg', 'kidsRoom3.jpg', 'kidsRoom4.jpg', 'kidsRoom5.jpg');

-- 숙소 3 
INSERT INTO ROOM (NO, ACCOM_NO, NAME
, THEME_CODE, CAPACITY, BATH_NUM, ROOM_NUM, BED_SINGLE, BED_DOUBLE, BED_QUEEN, WEEKDAY_PRICE, WEEKEND_PRICE
, TOWEL_YN, TV_YN, NETFLIX_YN, AIRCONDITIONER_YN, HEATING_YN, FIREALARM_YN, FIRSTAIDKIT_YN, WIFI_YN, FRIGER_YN, OVEN_YN, HAIRDRYER_YN
, IMG_01, IMG_02, IMG_03, IMG_04, IMG_05)
VALUES (SEQ_ROOM.NEXTVAL, (SELECT NO FROM ACCOMMODATION WHERE HOST_NO = (SELECT NO FROM HOST WHERE ID = 'host03')), '산속 로지'
, 'T5', 5, 2, 3, 2, 2, 0, 180000, 240000
, 'Y', 'N', 'N', 'Y', 'N', 'N', 'Y', 'N', 'N', 'Y', 'N'
, 'surfRoom1.jpg', 'surfRoom2.jpg', 'surfRoom3.jpg', 'surfRoom4.jpg', 'surfRoom5.jpg');

INSERT INTO ROOM (NO, ACCOM_NO, NAME
, THEME_CODE, CAPACITY, BATH_NUM, ROOM_NUM, BED_SINGLE, BED_DOUBLE, BED_QUEEN, WEEKDAY_PRICE, WEEKEND_PRICE
, TOWEL_YN, TV_YN, NETFLIX_YN, AIRCONDITIONER_YN, HEATING_YN, FIREALARM_YN, FIRSTAIDKIT_YN, WIFI_YN, FRIGER_YN, OVEN_YN, HAIRDRYER_YN
, IMG_01, IMG_02, IMG_03, IMG_04, IMG_05)
VALUES (SEQ_ROOM.NEXTVAL, (SELECT NO FROM ACCOMMODATION WHERE HOST_NO = (SELECT NO FROM HOST WHERE ID = 'host03')),'스키 로지'
, 'T6', 50, 25, 30, 20, 5, 10, 1000000, 1500000
, 'N', 'Y', 'N', 'N', 'Y', 'N', 'N', 'Y', 'N', 'N', 'Y'
, 'treeRoom1.jpg', 'treeRoom2.jpg', 'treeRoom3.jpg', 'treeRoom4.jpg', 'treeRoom5.jpg');

-- 숙소 4 
INSERT INTO ROOM (NO, ACCOM_NO, NAME
, THEME_CODE, CAPACITY, BATH_NUM, ROOM_NUM, BED_SINGLE, BED_DOUBLE, BED_QUEEN, WEEKDAY_PRICE, WEEKEND_PRICE
, TOWEL_YN, TV_YN, NETFLIX_YN, AIRCONDITIONER_YN, HEATING_YN, FIREALARM_YN, FIRSTAIDKIT_YN, WIFI_YN, FRIGER_YN, OVEN_YN, HAIRDRYER_YN
, IMG_01, IMG_02, IMG_03, IMG_04, IMG_05)
VALUES (SEQ_ROOM.NEXTVAL, (SELECT NO FROM ACCOMMODATION WHERE HOST_NO = (SELECT NO FROM HOST WHERE ID = 'host04')), '해변가 평온'
, 'T7', 2, 1, 2, 0, 0, 1, 170000, 270000
, 'Y', 'Y', 'N', 'Y', 'Y', 'N', 'Y', 'Y', 'N', 'Y', 'Y'
, 'wineRoom1.jpg', 'wineRoom2.jpg', 'wineRoom3.jpg', 'wineRoom4.jpg', 'wineRoom5.jpg');

INSERT INTO ROOM (NO, ACCOM_NO, NAME
, THEME_CODE, CAPACITY, BATH_NUM, ROOM_NUM, BED_SINGLE, BED_DOUBLE, BED_QUEEN, WEEKDAY_PRICE, WEEKEND_PRICE
, TOWEL_YN, TV_YN, NETFLIX_YN, AIRCONDITIONER_YN, HEATING_YN, FIREALARM_YN, FIRSTAIDKIT_YN, WIFI_YN, FRIGER_YN, OVEN_YN, HAIRDRYER_YN
, IMG_01, IMG_02, IMG_03, IMG_04, IMG_05)
VALUES (SEQ_ROOM.NEXTVAL, (SELECT NO FROM ACCOMMODATION WHERE HOST_NO = (SELECT NO FROM HOST WHERE ID = 'host04')), '해변가의 블리스'
, 'T8', 12, 4, 8, 2, 4, 2, 420000, 480000
, 'Y', 'N', 'Y', 'N', 'N', 'Y', 'N', 'Y', 'N', 'N', 'Y'
, 'viewRoom1.jpg', 'viewRoom2.jpg', 'viewRoom3.jpg', 'viewRoom4.jpg', 'viewRoom5.jpg');

-- 숙소 5 
INSERT INTO ROOM (NO, ACCOM_NO, NAME
, THEME_CODE, CAPACITY, BATH_NUM, ROOM_NUM, BED_SINGLE, BED_DOUBLE, BED_QUEEN, WEEKDAY_PRICE, WEEKEND_PRICE
, TOWEL_YN, TV_YN, NETFLIX_YN, AIRCONDITIONER_YN, HEATING_YN, FIREALARM_YN, FIRSTAIDKIT_YN, WIFI_YN, FRIGER_YN, OVEN_YN, HAIRDRYER_YN
, IMG_01, IMG_02, IMG_03, IMG_04, IMG_05)
VALUES (SEQ_ROOM.NEXTVAL, (SELECT NO FROM ACCOMMODATION WHERE HOST_NO = (SELECT NO FROM HOST WHERE ID = 'host05')), '보헤미안 블리스'
, 'T9', 10, 3, 6, 2, 2, 2, 280000, 320000
, 'N', 'Y', 'Y', 'N', 'N', 'Y', 'N', 'N', 'N', 'Y', 'N'
, 'beachRoom1.jpg', 'beachRoom2.jpg', 'beachRoom3.jpg', 'beachRoom4.jpg', 'beachRoom5.jpg');

INSERT INTO ROOM (NO, ACCOM_NO, NAME
, THEME_CODE, CAPACITY, BATH_NUM, ROOM_NUM, BED_SINGLE, BED_DOUBLE, BED_QUEEN, WEEKDAY_PRICE, WEEKEND_PRICE
, TOWEL_YN, TV_YN, NETFLIX_YN, AIRCONDITIONER_YN, HEATING_YN, FIREALARM_YN, FIRSTAIDKIT_YN, WIFI_YN, FRIGER_YN, OVEN_YN, HAIRDRYER_YN
, IMG_01, IMG_02, IMG_03, IMG_04, IMG_05)
VALUES (SEQ_ROOM.NEXTVAL, (SELECT NO FROM ACCOMMODATION WHERE HOST_NO = (SELECT NO FROM HOST WHERE ID = 'host05')), '에클렉틱한 휴식처'
, 'T10', 8, 4, 6, 2, 4, 2, 230000, 330000
, 'N', 'N', 'Y', 'N', 'N', 'Y', 'Y', 'Y', 'N', 'N', 'N'
, 'beachRoom(2)1.jpg', 'beachRoom(2)2.jpg', 'beachRoom(2)3.jpg', 'beachRoom(2)4.jpg', 'beachRoom(2)5.jpg');

-- 숙소 6 
INSERT INTO ROOM (NO, ACCOM_NO, NAME
, THEME_CODE, CAPACITY, BATH_NUM, ROOM_NUM, BED_SINGLE, BED_DOUBLE, BED_QUEEN, WEEKDAY_PRICE, WEEKEND_PRICE
, TOWEL_YN, TV_YN, NETFLIX_YN, AIRCONDITIONER_YN, HEATING_YN, FIREALARM_YN, FIRSTAIDKIT_YN, WIFI_YN, FRIGER_YN, OVEN_YN, HAIRDRYER_YN
, IMG_01, IMG_02, IMG_03, IMG_04, IMG_05)
VALUES (SEQ_ROOM.NEXTVAL, (SELECT NO FROM ACCOMMODATION WHERE HOST_NO = (SELECT NO FROM HOST WHERE ID = 'host06')), '열대의 낙원'
, 'T11', 4, 3, 3, 0, 0, 0, 170000, 200000
, 'N', 'N', 'N', 'Y', 'Y', 'Y', 'N', 'N', 'N', 'N', 'Y'
, 'campingRoom1.jpg', 'campingRoom2.jpg', 'campingRoom3.jpg', 'campingRoom4.jpg', 'campingRoom5.jpg');

INSERT INTO ROOM (NO, ACCOM_NO, NAME
, THEME_CODE, CAPACITY, BATH_NUM, ROOM_NUM, BED_SINGLE, BED_DOUBLE, BED_QUEEN, WEEKDAY_PRICE, WEEKEND_PRICE
, TOWEL_YN, TV_YN, NETFLIX_YN, AIRCONDITIONER_YN, HEATING_YN, FIREALARM_YN, FIRSTAIDKIT_YN, WIFI_YN, FRIGER_YN, OVEN_YN, HAIRDRYER_YN
, IMG_01, IMG_02, IMG_03, IMG_04, IMG_05)
VALUES (SEQ_ROOM.NEXTVAL, (SELECT NO FROM ACCOMMODATION WHERE HOST_NO = (SELECT NO FROM HOST WHERE ID = 'host06')), '사파리 모험'
, 'T12', 10, 2, 5, 1, 2, 2, 110000, 220000
, 'N', 'Y', 'N', 'N', 'Y', 'Y', 'N', 'N', 'Y', 'N', 'N'
, 'campRoom(2)1.jpg', 'campRoom(2)2.jpg', 'campRoom(2)3.jpg', 'campRoom(2)4.jpg', 'campRoom(2)5.jpg');

-- 숙소 7 
INSERT INTO ROOM (NO, ACCOM_NO, NAME
, THEME_CODE, CAPACITY, BATH_NUM, ROOM_NUM, BED_SINGLE, BED_DOUBLE, BED_QUEEN, WEEKDAY_PRICE, WEEKEND_PRICE
, TOWEL_YN, TV_YN, NETFLIX_YN, AIRCONDITIONER_YN, HEATING_YN, FIREALARM_YN, FIRSTAIDKIT_YN, WIFI_YN, FRIGER_YN, OVEN_YN, HAIRDRYER_YN
, IMG_01, IMG_02, IMG_03, IMG_04, IMG_05)
VALUES (SEQ_ROOM.NEXTVAL, (SELECT NO FROM ACCOMMODATION WHERE HOST_NO = (SELECT NO FROM HOST WHERE ID = 'host07')), '미드 센추리 모던'
, 'T1', 8, 1, 3, 4, 0, 2, 130000, 250000
, 'Y', 'N', 'N', 'N', 'Y', 'N', 'N', 'Y', 'N', 'N', 'Y'
, 'castleRoom1.jpg', 'castleRoom2.jpg', 'castleRoom3.jpg', 'castleRoom4.jpg', 'castleRoom5.jpg');

INSERT INTO ROOM (NO, ACCOM_NO, NAME
, THEME_CODE, CAPACITY, BATH_NUM, ROOM_NUM, BED_SINGLE, BED_DOUBLE, BED_QUEEN, WEEKDAY_PRICE, WEEKEND_PRICE
, TOWEL_YN, TV_YN, NETFLIX_YN, AIRCONDITIONER_YN, HEATING_YN, FIREALARM_YN, FIRSTAIDKIT_YN, WIFI_YN, FRIGER_YN, OVEN_YN, HAIRDRYER_YN
, IMG_01, IMG_02, IMG_03, IMG_04, IMG_05)
VALUES (SEQ_ROOM.NEXTVAL, (SELECT NO FROM ACCOMMODATION WHERE HOST_NO = (SELECT NO FROM HOST WHERE ID = 'host07')), '우림의 은신처'
, 'T2', 14, 8, 10, 10, 0, 0, 320000, 370000
, 'Y', 'Y', 'Y', 'N', 'N', 'N', 'N', 'Y', 'Y', 'N', 'N'
, 'caveRoom1.jpg', 'caveRoom2.jpg', 'caveRoom3.jpg', 'caveRoom4.jpg', 'caveRoom5.jpg');

-- 숙소 8 
INSERT INTO ROOM (NO, ACCOM_NO, NAME
, THEME_CODE, CAPACITY, BATH_NUM, ROOM_NUM, BED_SINGLE, BED_DOUBLE, BED_QUEEN, WEEKDAY_PRICE, WEEKEND_PRICE
, TOWEL_YN, TV_YN, NETFLIX_YN, AIRCONDITIONER_YN, HEATING_YN, FIREALARM_YN, FIRSTAIDKIT_YN, WIFI_YN, FRIGER_YN, OVEN_YN, HAIRDRYER_YN
, IMG_01, IMG_02, IMG_03, IMG_04, IMG_05)
VALUES (SEQ_ROOM.NEXTVAL, (SELECT NO FROM ACCOMMODATION WHERE HOST_NO = (SELECT NO FROM HOST WHERE ID = 'host08')), '바닷가의 성역'
, 'T3', 8, 2, 5, 1, 2, 1, 90000, 110000
, 'N', 'Y', 'N', 'N', 'Y', 'Y', 'Y', 'N', 'N', 'N', 'N'
, 'countryRoom1.jpg', 'countryRoom2.jpg', 'countryRoom3.jpg', 'countryRoom4.jpg', 'countryRoom5.jpg');

INSERT INTO ROOM (NO, ACCOM_NO, NAME
, THEME_CODE, CAPACITY, BATH_NUM, ROOM_NUM, BED_SINGLE, BED_DOUBLE, BED_QUEEN, WEEKDAY_PRICE, WEEKEND_PRICE
, TOWEL_YN, TV_YN, NETFLIX_YN, AIRCONDITIONER_YN, HEATING_YN, FIREALARM_YN, FIRSTAIDKIT_YN, WIFI_YN, FRIGER_YN, OVEN_YN, HAIRDRYER_YN
, IMG_01, IMG_02, IMG_03, IMG_04, IMG_05)
VALUES (SEQ_ROOM.NEXTVAL, (SELECT NO FROM ACCOMMODATION WHERE HOST_NO = (SELECT NO FROM HOST WHERE ID = 'host08')), '바다의 소금집'
, 'T4', 6, 3, 3, 0, 2, 2, 220000, 280000
, 'N', 'Y', 'Y', 'N', 'N', 'N', 'N', 'N', 'N', 'Y', 'Y'
, 'farmRoom1.jpg', 'farmRoom2.jpg', 'farmRoom3.jpg', 'farmRoom4.jpg', 'farmRoom5.jpg');

-- 숙소 9 
INSERT INTO ROOM (NO, ACCOM_NO, NAME
, THEME_CODE, CAPACITY, BATH_NUM, ROOM_NUM, BED_SINGLE, BED_DOUBLE, BED_QUEEN, WEEKDAY_PRICE, WEEKEND_PRICE
, TOWEL_YN, TV_YN, NETFLIX_YN, AIRCONDITIONER_YN, HEATING_YN, FIREALARM_YN, FIRSTAIDKIT_YN, WIFI_YN, FRIGER_YN, OVEN_YN, HAIRDRYER_YN
, IMG_01, IMG_02, IMG_03, IMG_04, IMG_05)
VALUES (SEQ_ROOM.NEXTVAL, (SELECT NO FROM ACCOMMODATION WHERE HOST_NO = (SELECT NO FROM HOST WHERE ID = 'host09')), '시골의 휴식'
, 'T5', 12, 10, 10, 5, 5, 2, 260000, 150000
, 'Y', 'Y', 'N', 'Y', 'N', 'N', 'N', 'Y', 'Y', 'Y', 'N'
, 'golfRoom1.jpg', 'golfRoom2.jpg', 'golfRoom3.jpg', 'golfRoom4.jpg', 'golfRoom5.jpg');

INSERT INTO ROOM (NO, ACCOM_NO, NAME
, THEME_CODE, CAPACITY, BATH_NUM, ROOM_NUM, BED_SINGLE, BED_DOUBLE, BED_QUEEN, WEEKDAY_PRICE, WEEKEND_PRICE
, TOWEL_YN, TV_YN, NETFLIX_YN, AIRCONDITIONER_YN, HEATING_YN, FIREALARM_YN, FIRSTAIDKIT_YN, WIFI_YN, FRIGER_YN, OVEN_YN, HAIRDRYER_YN
, IMG_01, IMG_02, IMG_03, IMG_04, IMG_05)
VALUES (SEQ_ROOM.NEXTVAL, (SELECT NO FROM ACCOMMODATION WHERE HOST_NO = (SELECT NO FROM HOST WHERE ID = 'host09')), '하늘을 향한 전망'
, 'T6', 4, 2, 4, 0, 0, 4, 200000, 250000
, 'N', 'N', 'N', 'N', 'N', 'N', 'N', 'N', 'N', 'Y', 'Y'
, 'golfRoom(2)1.jpg', 'golfRoom(2)2.jpg', 'golfRoom(2)3.jpg', 'golfRoom(2)4.jpg', 'golfRoom(2)5.jpg');

-- 숙소 10 
INSERT INTO ROOM (NO, ACCOM_NO, NAME
, THEME_CODE, CAPACITY, BATH_NUM, ROOM_NUM, BED_SINGLE, BED_DOUBLE, BED_QUEEN, WEEKDAY_PRICE, WEEKEND_PRICE
, TOWEL_YN, TV_YN, NETFLIX_YN, AIRCONDITIONER_YN, HEATING_YN, FIREALARM_YN, FIRSTAIDKIT_YN, WIFI_YN, FRIGER_YN, OVEN_YN, HAIRDRYER_YN
, IMG_01, IMG_02, IMG_03, IMG_04, IMG_05)
VALUES (SEQ_ROOM.NEXTVAL, (SELECT NO FROM ACCOMMODATION WHERE HOST_NO = (SELECT NO FROM HOST WHERE ID = 'host10')), '호수에 떠있는 작은 조각배야'
, 'T7', 2, 1, 1, 0, 0, 0, 300000, 350000
, 'Y', 'Y', 'N', 'N', 'N', 'N', 'Y', 'N', 'N', 'N', 'N'
, 'koreanRoom1.jpg', 'koreanRoom2.jpg', 'koreanRoom3.jpg', 'koreanRoom4.jpg', 'koreanRoom5.jpg');

INSERT INTO ROOM (NO, ACCOM_NO, NAME
, THEME_CODE, CAPACITY, BATH_NUM, ROOM_NUM, BED_SINGLE, BED_DOUBLE, BED_QUEEN, WEEKDAY_PRICE, WEEKEND_PRICE
, TOWEL_YN, TV_YN, NETFLIX_YN, AIRCONDITIONER_YN, HEATING_YN, FIREALARM_YN, FIRSTAIDKIT_YN, WIFI_YN, FRIGER_YN, OVEN_YN, HAIRDRYER_YN
, IMG_01, IMG_02, IMG_03, IMG_04, IMG_05)
VALUES (SEQ_ROOM.NEXTVAL, (SELECT NO FROM ACCOMMODATION WHERE HOST_NO = (SELECT NO FROM HOST WHERE ID = 'host10')), '슈퍼 미니멀'
, 'T8', 4, 2, 2, 2, 0, 2, 320000, 420000
, 'N', 'N', 'Y', 'N', 'N', 'N', 'Y', 'N', 'N', 'N', 'N'
, 'koreanRoom(2)1.jpg', 'koreanRoom(2)2.jpg', 'koreanRoom(2)3.jpg', 'koreanRoom(2)4.jpg', 'koreanRoom(2)5.jpg');



----- WISH_LIST -----
INSERT INTO WISH_LIST (NO, MEM_NO, ROOM_NO)
VALUES (SEQ_WISH_LIST.NEXTVAL, 1, 10);

INSERT INTO WISH_LIST (NO, MEM_NO, ROOM_NO)
VALUES (SEQ_WISH_LIST.NEXTVAL, 2, 9);

INSERT INTO WISH_LIST (NO, MEM_NO, ROOM_NO)
VALUES (SEQ_WISH_LIST.NEXTVAL, 3, 8);

INSERT INTO WISH_LIST (NO, MEM_NO, ROOM_NO)
VALUES (SEQ_WISH_LIST.NEXTVAL, 4, 7);

INSERT INTO WISH_LIST (NO, MEM_NO, ROOM_NO)
VALUES (SEQ_WISH_LIST.NEXTVAL, 5, 6);

INSERT INTO WISH_LIST (NO, MEM_NO, ROOM_NO)
VALUES (SEQ_WISH_LIST.NEXTVAL, 6, 5);

INSERT INTO WISH_LIST (NO, MEM_NO, ROOM_NO)
VALUES (SEQ_WISH_LIST.NEXTVAL, 7, 4);

INSERT INTO WISH_LIST (NO, MEM_NO, ROOM_NO)
VALUES (SEQ_WISH_LIST.NEXTVAL, 8, 3);

INSERT INTO WISH_LIST (NO, MEM_NO, ROOM_NO)
VALUES (SEQ_WISH_LIST.NEXTVAL, 9, 2);

INSERT INTO WISH_LIST (NO, MEM_NO, ROOM_NO)
VALUES (SEQ_WISH_LIST.NEXTVAL, 10, 1);



----- CARD_INFO  -----
INSERT INTO CARD_INFO (NO, MEM_NO, CARD_NICK, CARD_NUM, CVC_NUM, EXPIRE_DATE, PWD) 
VALUES (SEQ_CARD_INFO.NEXTVAL, 1, 'card01', '9012345690123456', '901', '202512', '123456');

INSERT INTO CARD_INFO (NO, MEM_NO, CARD_NICK, CARD_NUM, CVC_NUM, EXPIRE_DATE, PWD) 
VALUES (SEQ_CARD_INFO.NEXTVAL, 2, 'card02', '0123456701234567', '012', '202512', '234567');

INSERT INTO CARD_INFO (NO, MEM_NO, CARD_NICK, CARD_NUM, CVC_NUM, EXPIRE_DATE, PWD) 
VALUES (SEQ_CARD_INFO.NEXTVAL, 3, 'card03', '1234567812345678', '123', '202512', '345678');

INSERT INTO CARD_INFO (NO, MEM_NO, CARD_NICK, CARD_NUM, CVC_NUM, EXPIRE_DATE, PWD) 
VALUES (SEQ_CARD_INFO.NEXTVAL, 4, 'card04', '2345678923456789', '234', '202512', '456789');

INSERT INTO CARD_INFO (NO, MEM_NO, CARD_NICK, CARD_NUM, CVC_NUM, EXPIRE_DATE, PWD) 
VALUES (SEQ_CARD_INFO.NEXTVAL, 5, 'card05', '3456789034567890', '345', '202512', '987654');

INSERT INTO CARD_INFO (NO, MEM_NO, CARD_NICK, CARD_NUM, CVC_NUM, EXPIRE_DATE, PWD) 
VALUES (SEQ_CARD_INFO.NEXTVAL, 6, 'card06', '4567890145678901', '456', '202512', '876543');

INSERT INTO CARD_INFO (NO, MEM_NO, CARD_NICK, CARD_NUM, CVC_NUM, EXPIRE_DATE, PWD) 
VALUES (SEQ_CARD_INFO.NEXTVAL, 7, 'card07', '5678901256789012', '567', '202512', '765432');

INSERT INTO CARD_INFO (NO, MEM_NO, CARD_NICK, CARD_NUM, CVC_NUM, EXPIRE_DATE, PWD) 
VALUES (SEQ_CARD_INFO.NEXTVAL, 8, 'card08', '6789012367890123', '678', '202512', '654321');

INSERT INTO CARD_INFO (NO, MEM_NO, CARD_NICK, CARD_NUM, CVC_NUM, EXPIRE_DATE, PWD) 
VALUES (SEQ_CARD_INFO.NEXTVAL, 9, 'card09', '7890123478901234', '789', '202512', '123456');

INSERT INTO CARD_INFO (NO, MEM_NO, CARD_NICK, CARD_NUM, CVC_NUM, EXPIRE_DATE, PWD) 
VALUES (SEQ_CARD_INFO.NEXTVAL, 10, 'card10', '8901234589012345', '890', '202512', '234567');



----- RESERVATION -----
-- Room 1
INSERT INTO RESERVATION (NO, PAY_METHOD_CODE, RESERVATOR_NO, ROOM_NO, SUM, IN_DATE, OUT_DATE, CARD_NO)
VALUES (SEQ_RESERVATION.NEXTVAL, 'P1', 1, 1, 250000, '20240101', '20240105', 1);
INSERT INTO RESERVATION (NO, PAY_METHOD_CODE, RESERVATOR_NO, ROOM_NO, SUM, IN_DATE, OUT_DATE, CARD_NO)
VALUES (SEQ_RESERVATION.NEXTVAL, 'P2', 2, 1, 300000, '20240106', '20240110', 2);
INSERT INTO RESERVATION (NO, PAY_METHOD_CODE, RESERVATOR_NO, ROOM_NO, SUM, IN_DATE, OUT_DATE, CARD_NO)
VALUES (SEQ_RESERVATION.NEXTVAL, 'P1', 3, 1, 300000, '20240111', '20240115', 3);
INSERT INTO RESERVATION (NO, PAY_METHOD_CODE, RESERVATOR_NO, ROOM_NO, SUM, IN_DATE, OUT_DATE, CARD_NO)
VALUES (SEQ_RESERVATION.NEXTVAL, 'P2', 4, 1, 150000, '20240116', '20240120', 4);
INSERT INTO RESERVATION (NO, PAY_METHOD_CODE, RESERVATOR_NO, ROOM_NO, SUM, IN_DATE, OUT_DATE, CARD_NO)
VALUES (SEQ_RESERVATION.NEXTVAL, 'P1', 5, 1, 100000, '20240121', '20240125', 5);
INSERT INTO RESERVATION (NO, PAY_METHOD_CODE, RESERVATOR_NO, ROOM_NO, SUM, IN_DATE, OUT_DATE, CARD_NO)
VALUES (SEQ_RESERVATION.NEXTVAL, 'P2', 6, 1, 250000, '20240126', '20240130', 6);
INSERT INTO RESERVATION (NO, PAY_METHOD_CODE, RESERVATOR_NO, ROOM_NO, SUM, IN_DATE, OUT_DATE, CARD_NO)
VALUES (SEQ_RESERVATION.NEXTVAL, 'P1', 7, 1, 300000, '20240201', '20240205', 7);
INSERT INTO RESERVATION (NO, PAY_METHOD_CODE, RESERVATOR_NO, ROOM_NO, SUM, IN_DATE, OUT_DATE, CARD_NO)
VALUES (SEQ_RESERVATION.NEXTVAL, 'P2', 8, 1, 300000, '20240206', '20240210', 8);
INSERT INTO RESERVATION (NO, PAY_METHOD_CODE, RESERVATOR_NO, ROOM_NO, SUM, IN_DATE, OUT_DATE, CARD_NO)
VALUES (SEQ_RESERVATION.NEXTVAL, 'P1', 9, 1, 150000, '20240211', '20240215', 9);
INSERT INTO RESERVATION (NO, PAY_METHOD_CODE, RESERVATOR_NO, ROOM_NO, SUM, IN_DATE, OUT_DATE, CARD_NO)
VALUES (SEQ_RESERVATION.NEXTVAL, 'P2', 10, 1, 100000, '20240216', '20240220', 10);

-- Room 2
INSERT INTO RESERVATION (NO, PAY_METHOD_CODE, RESERVATOR_NO, ROOM_NO, SUM, IN_DATE, OUT_DATE, CARD_NO)
VALUES (SEQ_RESERVATION.NEXTVAL, 'P1', 1, 2, 250000, '20240221', '20240225', 1);
INSERT INTO RESERVATION (NO, PAY_METHOD_CODE, RESERVATOR_NO, ROOM_NO, SUM, IN_DATE, OUT_DATE, CARD_NO)
VALUES (SEQ_RESERVATION.NEXTVAL, 'P2', 2, 2, 300000, '20240226', '20240301', 2);
INSERT INTO RESERVATION (NO, PAY_METHOD_CODE, RESERVATOR_NO, ROOM_NO, SUM, IN_DATE, OUT_DATE, CARD_NO)
VALUES (SEQ_RESERVATION.NEXTVAL, 'P1', 3, 2, 300000, '20240302', '20240306', 3);
INSERT INTO RESERVATION (NO, PAY_METHOD_CODE, RESERVATOR_NO, ROOM_NO, SUM, IN_DATE, OUT_DATE, CARD_NO)
VALUES (SEQ_RESERVATION.NEXTVAL, 'P2', 4, 2, 150000, '20240307', '20240311', 4);
INSERT INTO RESERVATION (NO, PAY_METHOD_CODE, RESERVATOR_NO, ROOM_NO, SUM, IN_DATE, OUT_DATE, CARD_NO)
VALUES (SEQ_RESERVATION.NEXTVAL, 'P1', 5, 2, 100000, '20240312', '20240316', 5);
INSERT INTO RESERVATION (NO, PAY_METHOD_CODE, RESERVATOR_NO, ROOM_NO, SUM, IN_DATE, OUT_DATE, CARD_NO)
VALUES (SEQ_RESERVATION.NEXTVAL, 'P2', 6, 2, 250000, '20240317', '20240321', 6);
INSERT INTO RESERVATION (NO, PAY_METHOD_CODE, RESERVATOR_NO, ROOM_NO, SUM, IN_DATE, OUT_DATE, CARD_NO)
VALUES (SEQ_RESERVATION.NEXTVAL, 'P1', 7, 2, 300000, '20240322', '20240326', 7);
INSERT INTO RESERVATION (NO, PAY_METHOD_CODE, RESERVATOR_NO, ROOM_NO, SUM, IN_DATE, OUT_DATE, CARD_NO)
VALUES (SEQ_RESERVATION.NEXTVAL, 'P2', 8, 2, 300000, '20240327', '20240331', 8);
INSERT INTO RESERVATION (NO, PAY_METHOD_CODE, RESERVATOR_NO, ROOM_NO, SUM, IN_DATE, OUT_DATE, CARD_NO)
VALUES (SEQ_RESERVATION.NEXTVAL, 'P1', 9, 2, 150000, '20240401', '20240405', 9);
INSERT INTO RESERVATION (NO, PAY_METHOD_CODE, RESERVATOR_NO, ROOM_NO, SUM, IN_DATE, OUT_DATE, CARD_NO)
VALUES (SEQ_RESERVATION.NEXTVAL, 'P2', 10, 2, 100000, '20240406', '20240410', 10);

-- Room 3
INSERT INTO RESERVATION (NO, PAY_METHOD_CODE, RESERVATOR_NO, ROOM_NO, SUM, IN_DATE, OUT_DATE, CARD_NO)
VALUES (SEQ_RESERVATION.NEXTVAL, 'P1', 1, 3, 250000, '20240411', '20240415', 1);
INSERT INTO RESERVATION (NO, PAY_METHOD_CODE, RESERVATOR_NO, ROOM_NO, SUM, IN_DATE, OUT_DATE, CARD_NO)
VALUES (SEQ_RESERVATION.NEXTVAL, 'P2', 2, 3, 300000, '20240416', '20240420', 2);
INSERT INTO RESERVATION (NO, PAY_METHOD_CODE, RESERVATOR_NO, ROOM_NO, SUM, IN_DATE, OUT_DATE, CARD_NO)
VALUES (SEQ_RESERVATION.NEXTVAL, 'P1', 3, 3, 300000, '20240421', '20240425', 3);
INSERT INTO RESERVATION (NO, PAY_METHOD_CODE, RESERVATOR_NO, ROOM_NO, SUM, IN_DATE, OUT_DATE, CARD_NO)
VALUES (SEQ_RESERVATION.NEXTVAL, 'P2', 4, 3, 150000, '20240426', '20240430', 4);
INSERT INTO RESERVATION (NO, PAY_METHOD_CODE, RESERVATOR_NO, ROOM_NO, SUM, IN_DATE, OUT_DATE, CARD_NO)
VALUES (SEQ_RESERVATION.NEXTVAL, 'P1', 5, 3, 100000, '20240501', '20240505', 5);
INSERT INTO RESERVATION (NO, PAY_METHOD_CODE, RESERVATOR_NO, ROOM_NO, SUM, IN_DATE, OUT_DATE, CARD_NO)
VALUES (SEQ_RESERVATION.NEXTVAL, 'P2', 6, 3, 250000, '20240506', '20240510', 6);
INSERT INTO RESERVATION (NO, PAY_METHOD_CODE, RESERVATOR_NO, ROOM_NO, SUM, IN_DATE, OUT_DATE, CARD_NO)
VALUES (SEQ_RESERVATION.NEXTVAL, 'P1', 7, 3, 300000, '20240511', '20240515', 7);
INSERT INTO RESERVATION (NO, PAY_METHOD_CODE, RESERVATOR_NO, ROOM_NO, SUM, IN_DATE, OUT_DATE, CARD_NO)
VALUES (SEQ_RESERVATION.NEXTVAL, 'P2', 8, 3, 300000, '20240516', '20240520', 8);
INSERT INTO RESERVATION (NO, PAY_METHOD_CODE, RESERVATOR_NO, ROOM_NO, SUM, IN_DATE, OUT_DATE, CARD_NO)
VALUES (SEQ_RESERVATION.NEXTVAL, 'P1', 9, 3, 150000, '20240521', '20240525', 9);
INSERT INTO RESERVATION (NO, PAY_METHOD_CODE, RESERVATOR_NO, ROOM_NO, SUM, IN_DATE, OUT_DATE, CARD_NO)
VALUES (SEQ_RESERVATION.NEXTVAL, 'P2', 10, 3, 100000, '20240526', '20240530', 10);

-- Room 4
INSERT INTO RESERVATION (NO, PAY_METHOD_CODE, RESERVATOR_NO, ROOM_NO, SUM, IN_DATE, OUT_DATE, CARD_NO)
VALUES (SEQ_RESERVATION.NEXTVAL, 'P1', 1, 4, 250000, '20240101', '20240105', 1);
INSERT INTO RESERVATION (NO, PAY_METHOD_CODE, RESERVATOR_NO, ROOM_NO, SUM, IN_DATE, OUT_DATE, CARD_NO)
VALUES (SEQ_RESERVATION.NEXTVAL, 'P2', 2, 4, 300000, '20240106', '20240110', 2);
INSERT INTO RESERVATION (NO, PAY_METHOD_CODE, RESERVATOR_NO, ROOM_NO, SUM, IN_DATE, OUT_DATE, CARD_NO)
VALUES (SEQ_RESERVATION.NEXTVAL, 'P1', 3, 4, 300000, '20240111', '20240115', 3);
INSERT INTO RESERVATION (NO, PAY_METHOD_CODE, RESERVATOR_NO, ROOM_NO, SUM, IN_DATE, OUT_DATE, CARD_NO)
VALUES (SEQ_RESERVATION.NEXTVAL, 'P2', 4, 4, 150000, '20240116', '20240120', 4);
INSERT INTO RESERVATION (NO, PAY_METHOD_CODE, RESERVATOR_NO, ROOM_NO, SUM, IN_DATE, OUT_DATE, CARD_NO)
VALUES (SEQ_RESERVATION.NEXTVAL, 'P1', 5, 4, 100000, '20240121', '20240125', 5);
INSERT INTO RESERVATION (NO, PAY_METHOD_CODE, RESERVATOR_NO, ROOM_NO, SUM, IN_DATE, OUT_DATE, CARD_NO)
VALUES (SEQ_RESERVATION.NEXTVAL, 'P2', 6, 4, 250000, '20240126', '20240130', 6);
INSERT INTO RESERVATION (NO, PAY_METHOD_CODE, RESERVATOR_NO, ROOM_NO, SUM, IN_DATE, OUT_DATE, CARD_NO)
VALUES (SEQ_RESERVATION.NEXTVAL, 'P1', 7, 4, 300000, '20240201', '20240205', 7);
INSERT INTO RESERVATION (NO, PAY_METHOD_CODE, RESERVATOR_NO, ROOM_NO, SUM, IN_DATE, OUT_DATE, CARD_NO)
VALUES (SEQ_RESERVATION.NEXTVAL, 'P2', 8, 4, 300000, '20240206', '20240210', 8);
INSERT INTO RESERVATION (NO, PAY_METHOD_CODE, RESERVATOR_NO, ROOM_NO, SUM, IN_DATE, OUT_DATE, CARD_NO)
VALUES (SEQ_RESERVATION.NEXTVAL, 'P1', 9, 4, 150000, '20240211', '20240215', 9);
INSERT INTO RESERVATION (NO, PAY_METHOD_CODE, RESERVATOR_NO, ROOM_NO, SUM, IN_DATE, OUT_DATE, CARD_NO)
VALUES (SEQ_RESERVATION.NEXTVAL, 'P2', 10, 4, 100000, '20240216', '20240220', 10);

-- Room 5
INSERT INTO RESERVATION (NO, PAY_METHOD_CODE, RESERVATOR_NO, ROOM_NO, SUM, IN_DATE, OUT_DATE, CARD_NO)
VALUES (SEQ_RESERVATION.NEXTVAL, 'P1', 1, 5, 250000, '20240221', '20240225', 1);
INSERT INTO RESERVATION (NO, PAY_METHOD_CODE, RESERVATOR_NO, ROOM_NO, SUM, IN_DATE, OUT_DATE, CARD_NO)
VALUES (SEQ_RESERVATION.NEXTVAL, 'P2', 2, 5, 300000, '20240226', '20240301', 2);
INSERT INTO RESERVATION (NO, PAY_METHOD_CODE, RESERVATOR_NO, ROOM_NO, SUM, IN_DATE, OUT_DATE, CARD_NO)
VALUES (SEQ_RESERVATION.NEXTVAL, 'P1', 3, 5, 300000, '20240302', '20240306', 3);
INSERT INTO RESERVATION (NO, PAY_METHOD_CODE, RESERVATOR_NO, ROOM_NO, SUM, IN_DATE, OUT_DATE, CARD_NO)
VALUES (SEQ_RESERVATION.NEXTVAL, 'P2', 4, 5, 150000, '20240307', '20240311', 4);
INSERT INTO RESERVATION (NO, PAY_METHOD_CODE, RESERVATOR_NO, ROOM_NO, SUM, IN_DATE, OUT_DATE, CARD_NO)
VALUES (SEQ_RESERVATION.NEXTVAL, 'P1', 5, 5, 100000, '20240312', '20240316', 5);
INSERT INTO RESERVATION (NO, PAY_METHOD_CODE, RESERVATOR_NO, ROOM_NO, SUM, IN_DATE, OUT_DATE, CARD_NO)
VALUES (SEQ_RESERVATION.NEXTVAL, 'P2', 6, 5, 250000, '20240317', '20240321', 6);
INSERT INTO RESERVATION (NO, PAY_METHOD_CODE, RESERVATOR_NO, ROOM_NO, SUM, IN_DATE, OUT_DATE, CARD_NO)
VALUES (SEQ_RESERVATION.NEXTVAL, 'P1', 7, 5, 300000, '20240322', '20240326', 7);
INSERT INTO RESERVATION (NO, PAY_METHOD_CODE, RESERVATOR_NO, ROOM_NO, SUM, IN_DATE, OUT_DATE, CARD_NO)
VALUES (SEQ_RESERVATION.NEXTVAL, 'P2', 8, 5, 300000, '20240327', '20240331', 8);
INSERT INTO RESERVATION (NO, PAY_METHOD_CODE, RESERVATOR_NO, ROOM_NO, SUM, IN_DATE, OUT_DATE, CARD_NO)
VALUES (SEQ_RESERVATION.NEXTVAL, 'P1', 9, 5, 150000, '20240401', '20240405', 9);
INSERT INTO RESERVATION (NO, PAY_METHOD_CODE, RESERVATOR_NO, ROOM_NO, SUM, IN_DATE, OUT_DATE, CARD_NO)
VALUES (SEQ_RESERVATION.NEXTVAL, 'P2', 10, 5, 100000, '20240406', '20240410', 10);

-- Room 6
INSERT INTO RESERVATION (NO, PAY_METHOD_CODE, RESERVATOR_NO, ROOM_NO, SUM, IN_DATE, OUT_DATE, CARD_NO)
VALUES (SEQ_RESERVATION.NEXTVAL, 'P1', 1, 6, 250000, '20240411', '20240415', 1);
INSERT INTO RESERVATION (NO, PAY_METHOD_CODE, RESERVATOR_NO, ROOM_NO, SUM, IN_DATE, OUT_DATE, CARD_NO)
VALUES (SEQ_RESERVATION.NEXTVAL, 'P2', 2, 6, 300000, '20240416', '20240420', 2);
INSERT INTO RESERVATION (NO, PAY_METHOD_CODE, RESERVATOR_NO, ROOM_NO, SUM, IN_DATE, OUT_DATE, CARD_NO)
VALUES (SEQ_RESERVATION.NEXTVAL, 'P1', 3, 6, 300000, '20240421', '20240425', 3);
INSERT INTO RESERVATION (NO, PAY_METHOD_CODE, RESERVATOR_NO, ROOM_NO, SUM, IN_DATE, OUT_DATE, CARD_NO)
VALUES (SEQ_RESERVATION.NEXTVAL, 'P2', 4, 6, 150000, '20240426', '20240430', 4);
INSERT INTO RESERVATION (NO, PAY_METHOD_CODE, RESERVATOR_NO, ROOM_NO, SUM, IN_DATE, OUT_DATE, CARD_NO)
VALUES (SEQ_RESERVATION.NEXTVAL, 'P1', 5, 6, 100000, '20240501', '20240505', 5);
INSERT INTO RESERVATION (NO, PAY_METHOD_CODE, RESERVATOR_NO, ROOM_NO, SUM, IN_DATE, OUT_DATE, CARD_NO)
VALUES (SEQ_RESERVATION.NEXTVAL, 'P2', 6, 6, 250000, '20240506', '20240510', 6);
INSERT INTO RESERVATION (NO, PAY_METHOD_CODE, RESERVATOR_NO, ROOM_NO, SUM, IN_DATE, OUT_DATE, CARD_NO)
VALUES (SEQ_RESERVATION.NEXTVAL, 'P1', 7, 6, 300000, '20240511', '20240515', 7);
INSERT INTO RESERVATION (NO, PAY_METHOD_CODE, RESERVATOR_NO, ROOM_NO, SUM, IN_DATE, OUT_DATE, CARD_NO)
VALUES (SEQ_RESERVATION.NEXTVAL, 'P2', 8, 6, 300000, '20240516', '20240520', 8);
INSERT INTO RESERVATION (NO, PAY_METHOD_CODE, RESERVATOR_NO, ROOM_NO, SUM, IN_DATE, OUT_DATE, CARD_NO)
VALUES (SEQ_RESERVATION.NEXTVAL, 'P1', 9, 6, 150000, '20240521', '20240525', 9);
INSERT INTO RESERVATION (NO, PAY_METHOD_CODE, RESERVATOR_NO, ROOM_NO, SUM, IN_DATE, OUT_DATE, CARD_NO)
VALUES (SEQ_RESERVATION.NEXTVAL, 'P2', 10, 6, 100000, '20240526', '20240530', 10);

-- Room 7
INSERT INTO RESERVATION (NO, PAY_METHOD_CODE, RESERVATOR_NO, ROOM_NO, SUM, IN_DATE, OUT_DATE, CARD_NO)
VALUES (SEQ_RESERVATION.NEXTVAL, 'P1', 1, 7, 250000, '20240101', '20240105', 1);
INSERT INTO RESERVATION (NO, PAY_METHOD_CODE, RESERVATOR_NO, ROOM_NO, SUM, IN_DATE, OUT_DATE, CARD_NO)
VALUES (SEQ_RESERVATION.NEXTVAL, 'P2', 2, 7, 300000, '20240106', '20240110', 2);
INSERT INTO RESERVATION (NO, PAY_METHOD_CODE, RESERVATOR_NO, ROOM_NO, SUM, IN_DATE, OUT_DATE, CARD_NO)
VALUES (SEQ_RESERVATION.NEXTVAL, 'P1', 3, 7, 300000, '20240111', '20240115', 3);
INSERT INTO RESERVATION (NO, PAY_METHOD_CODE, RESERVATOR_NO, ROOM_NO, SUM, IN_DATE, OUT_DATE, CARD_NO)
VALUES (SEQ_RESERVATION.NEXTVAL, 'P2', 4, 7, 150000, '20240116', '20240120', 4);
INSERT INTO RESERVATION (NO, PAY_METHOD_CODE, RESERVATOR_NO, ROOM_NO, SUM, IN_DATE, OUT_DATE, CARD_NO)
VALUES (SEQ_RESERVATION.NEXTVAL, 'P1', 5, 7, 100000, '20240121', '20240125', 5);
INSERT INTO RESERVATION (NO, PAY_METHOD_CODE, RESERVATOR_NO, ROOM_NO, SUM, IN_DATE, OUT_DATE, CARD_NO)
VALUES (SEQ_RESERVATION.NEXTVAL, 'P2', 6, 7, 250000, '20240126', '20240130', 6);
INSERT INTO RESERVATION (NO, PAY_METHOD_CODE, RESERVATOR_NO, ROOM_NO, SUM, IN_DATE, OUT_DATE, CARD_NO)
VALUES (SEQ_RESERVATION.NEXTVAL, 'P1', 7, 7, 300000, '20240201', '20240205', 7);
INSERT INTO RESERVATION (NO, PAY_METHOD_CODE, RESERVATOR_NO, ROOM_NO, SUM, IN_DATE, OUT_DATE, CARD_NO)
VALUES (SEQ_RESERVATION.NEXTVAL, 'P2', 8, 7, 300000, '20240206', '20240210', 8);
INSERT INTO RESERVATION (NO, PAY_METHOD_CODE, RESERVATOR_NO, ROOM_NO, SUM, IN_DATE, OUT_DATE, CARD_NO)
VALUES (SEQ_RESERVATION.NEXTVAL, 'P1', 9, 7, 150000, '20240211', '20240215', 9);
INSERT INTO RESERVATION (NO, PAY_METHOD_CODE, RESERVATOR_NO, ROOM_NO, SUM, IN_DATE, OUT_DATE, CARD_NO)
VALUES (SEQ_RESERVATION.NEXTVAL, 'P2', 10, 7, 100000, '20240216', '20240220', 10);

-- Room 8
INSERT INTO RESERVATION (NO, PAY_METHOD_CODE, RESERVATOR_NO, ROOM_NO, SUM, IN_DATE, OUT_DATE, CARD_NO)
VALUES (SEQ_RESERVATION.NEXTVAL, 'P1', 1, 8, 250000, '20240221', '20240225', 1);
INSERT INTO RESERVATION (NO, PAY_METHOD_CODE, RESERVATOR_NO, ROOM_NO, SUM, IN_DATE, OUT_DATE, CARD_NO)
VALUES (SEQ_RESERVATION.NEXTVAL, 'P2', 2, 8, 300000, '20240226', '20240301', 2);
INSERT INTO RESERVATION (NO, PAY_METHOD_CODE, RESERVATOR_NO, ROOM_NO, SUM, IN_DATE, OUT_DATE, CARD_NO)
VALUES (SEQ_RESERVATION.NEXTVAL, 'P1', 3, 8, 300000, '20240302', '20240306', 3);
INSERT INTO RESERVATION (NO, PAY_METHOD_CODE, RESERVATOR_NO, ROOM_NO, SUM, IN_DATE, OUT_DATE, CARD_NO)
VALUES (SEQ_RESERVATION.NEXTVAL, 'P2', 4, 8, 150000, '20240307', '20240311', 4);
INSERT INTO RESERVATION (NO, PAY_METHOD_CODE, RESERVATOR_NO, ROOM_NO, SUM, IN_DATE, OUT_DATE, CARD_NO)
VALUES (SEQ_RESERVATION.NEXTVAL, 'P1', 5, 8, 100000, '20240312', '20240316', 5);
INSERT INTO RESERVATION (NO, PAY_METHOD_CODE, RESERVATOR_NO, ROOM_NO, SUM, IN_DATE, OUT_DATE, CARD_NO)
VALUES (SEQ_RESERVATION.NEXTVAL, 'P2', 6, 8, 250000, '20240317', '20240321', 6);
INSERT INTO RESERVATION (NO, PAY_METHOD_CODE, RESERVATOR_NO, ROOM_NO, SUM, IN_DATE, OUT_DATE, CARD_NO)
VALUES (SEQ_RESERVATION.NEXTVAL, 'P1', 7, 8, 300000, '20240322', '20240326', 7);
INSERT INTO RESERVATION (NO, PAY_METHOD_CODE, RESERVATOR_NO, ROOM_NO, SUM, IN_DATE, OUT_DATE, CARD_NO)
VALUES (SEQ_RESERVATION.NEXTVAL, 'P2', 8, 8, 300000, '20240327', '20240331', 8);
INSERT INTO RESERVATION (NO, PAY_METHOD_CODE, RESERVATOR_NO, ROOM_NO, SUM, IN_DATE, OUT_DATE, CARD_NO)
VALUES (SEQ_RESERVATION.NEXTVAL, 'P1', 9, 8, 150000, '20240401', '20240405', 9);
INSERT INTO RESERVATION (NO, PAY_METHOD_CODE, RESERVATOR_NO, ROOM_NO, SUM, IN_DATE, OUT_DATE, CARD_NO)
VALUES (SEQ_RESERVATION.NEXTVAL, 'P2', 10, 8, 100000, '20240406', '20240410', 10);

-- Room 9
INSERT INTO RESERVATION (NO, PAY_METHOD_CODE, RESERVATOR_NO, ROOM_NO, SUM, IN_DATE, OUT_DATE, CARD_NO)
VALUES (SEQ_RESERVATION.NEXTVAL, 'P1', 1, 9, 250000, '20240411', '20240415', 1);
INSERT INTO RESERVATION (NO, PAY_METHOD_CODE, RESERVATOR_NO, ROOM_NO, SUM, IN_DATE, OUT_DATE, CARD_NO)
VALUES (SEQ_RESERVATION.NEXTVAL, 'P2', 2, 9, 300000, '20240416', '20240420', 2);
INSERT INTO RESERVATION (NO, PAY_METHOD_CODE, RESERVATOR_NO, ROOM_NO, SUM, IN_DATE, OUT_DATE, CARD_NO)
VALUES (SEQ_RESERVATION.NEXTVAL, 'P1', 3, 9, 300000, '20240421', '20240425', 3);
INSERT INTO RESERVATION (NO, PAY_METHOD_CODE, RESERVATOR_NO, ROOM_NO, SUM, IN_DATE, OUT_DATE, CARD_NO)
VALUES (SEQ_RESERVATION.NEXTVAL, 'P2', 4, 9, 150000, '20240426', '20240430', 4);
INSERT INTO RESERVATION (NO, PAY_METHOD_CODE, RESERVATOR_NO, ROOM_NO, SUM, IN_DATE, OUT_DATE, CARD_NO)
VALUES (SEQ_RESERVATION.NEXTVAL, 'P1', 5, 9, 100000, '20240501', '20240505', 5);
INSERT INTO RESERVATION (NO, PAY_METHOD_CODE, RESERVATOR_NO, ROOM_NO, SUM, IN_DATE, OUT_DATE, CARD_NO)
VALUES (SEQ_RESERVATION.NEXTVAL, 'P2', 6, 9, 250000, '20240506', '20240510', 6);
INSERT INTO RESERVATION (NO, PAY_METHOD_CODE, RESERVATOR_NO, ROOM_NO, SUM, IN_DATE, OUT_DATE, CARD_NO)
VALUES (SEQ_RESERVATION.NEXTVAL, 'P1', 7, 9, 300000, '20240511', '20240515', 7);
INSERT INTO RESERVATION (NO, PAY_METHOD_CODE, RESERVATOR_NO, ROOM_NO, SUM, IN_DATE, OUT_DATE, CARD_NO)
VALUES (SEQ_RESERVATION.NEXTVAL, 'P2', 8, 9, 300000, '20240516', '20240520', 8);
INSERT INTO RESERVATION (NO, PAY_METHOD_CODE, RESERVATOR_NO, ROOM_NO, SUM, IN_DATE, OUT_DATE, CARD_NO)
VALUES (SEQ_RESERVATION.NEXTVAL, 'P1', 9, 9, 150000, '20240521', '20240525', 9);
INSERT INTO RESERVATION (NO, PAY_METHOD_CODE, RESERVATOR_NO, ROOM_NO, SUM, IN_DATE, OUT_DATE, CARD_NO)
VALUES (SEQ_RESERVATION.NEXTVAL, 'P2', 10, 9, 100000, '20240526', '20240530', 10);

-- Room 10
INSERT INTO RESERVATION (NO, PAY_METHOD_CODE, RESERVATOR_NO, ROOM_NO, SUM, IN_DATE, OUT_DATE, CARD_NO)
VALUES (SEQ_RESERVATION.NEXTVAL, 'P1', 1, 10, 250000, '20240101', '20240105', 1);
INSERT INTO RESERVATION (NO, PAY_METHOD_CODE, RESERVATOR_NO, ROOM_NO, SUM, IN_DATE, OUT_DATE, CARD_NO)
VALUES (SEQ_RESERVATION.NEXTVAL, 'P2', 2, 10, 300000, '20240106', '20240110', 2);
INSERT INTO RESERVATION (NO, PAY_METHOD_CODE, RESERVATOR_NO, ROOM_NO, SUM, IN_DATE, OUT_DATE, CARD_NO)
VALUES (SEQ_RESERVATION.NEXTVAL, 'P1', 3, 10, 300000, '20240111', '20240115', 3);
INSERT INTO RESERVATION (NO, PAY_METHOD_CODE, RESERVATOR_NO, ROOM_NO, SUM, IN_DATE, OUT_DATE, CARD_NO)
VALUES (SEQ_RESERVATION.NEXTVAL, 'P2', 4, 10, 150000, '20240116', '20240120', 4);
INSERT INTO RESERVATION (NO, PAY_METHOD_CODE, RESERVATOR_NO, ROOM_NO, SUM, IN_DATE, OUT_DATE, CARD_NO)
VALUES (SEQ_RESERVATION.NEXTVAL, 'P1', 5, 10, 100000, '20240121', '20240125', 5);
INSERT INTO RESERVATION (NO, PAY_METHOD_CODE, RESERVATOR_NO, ROOM_NO, SUM, IN_DATE, OUT_DATE, CARD_NO)
VALUES (SEQ_RESERVATION.NEXTVAL, 'P2', 6, 10, 250000, '20240126', '20240130', 6);
INSERT INTO RESERVATION (NO, PAY_METHOD_CODE, RESERVATOR_NO, ROOM_NO, SUM, IN_DATE, OUT_DATE, CARD_NO)
VALUES (SEQ_RESERVATION.NEXTVAL, 'P1', 7, 10, 300000, '20240201', '20240205', 7);
INSERT INTO RESERVATION (NO, PAY_METHOD_CODE, RESERVATOR_NO, ROOM_NO, SUM, IN_DATE, OUT_DATE, CARD_NO)
VALUES (SEQ_RESERVATION.NEXTVAL, 'P2', 8, 10, 300000, '20240206', '20240210', 8);
INSERT INTO RESERVATION (NO, PAY_METHOD_CODE, RESERVATOR_NO, ROOM_NO, SUM, IN_DATE, OUT_DATE, CARD_NO)
VALUES (SEQ_RESERVATION.NEXTVAL, 'P1', 9, 10, 150000, '20240211', '20240215', 9);
INSERT INTO RESERVATION (NO, PAY_METHOD_CODE, RESERVATOR_NO, ROOM_NO, SUM, IN_DATE, OUT_DATE, CARD_NO)
VALUES (SEQ_RESERVATION.NEXTVAL, 'P2', 10, 10, 100000, '20240216', '20240220', 10);

-- Room 11
INSERT INTO RESERVATION (NO, PAY_METHOD_CODE, RESERVATOR_NO, ROOM_NO, SUM, IN_DATE, OUT_DATE, CARD_NO)
VALUES (SEQ_RESERVATION.NEXTVAL, 'P1', 1, 11, 250000, '20240221', '20240225', 1);
INSERT INTO RESERVATION (NO, PAY_METHOD_CODE, RESERVATOR_NO, ROOM_NO, SUM, IN_DATE, OUT_DATE, CARD_NO)
VALUES (SEQ_RESERVATION.NEXTVAL, 'P2', 2, 11, 300000, '20240226', '20240301', 2);
INSERT INTO RESERVATION (NO, PAY_METHOD_CODE, RESERVATOR_NO, ROOM_NO, SUM, IN_DATE, OUT_DATE, CARD_NO)
VALUES (SEQ_RESERVATION.NEXTVAL, 'P1', 3, 11, 300000, '20240302', '20240306', 3);
INSERT INTO RESERVATION (NO, PAY_METHOD_CODE, RESERVATOR_NO, ROOM_NO, SUM, IN_DATE, OUT_DATE, CARD_NO)
VALUES (SEQ_RESERVATION.NEXTVAL, 'P2', 4, 11, 150000, '20240307', '20240311', 4);
INSERT INTO RESERVATION (NO, PAY_METHOD_CODE, RESERVATOR_NO, ROOM_NO, SUM, IN_DATE, OUT_DATE, CARD_NO)
VALUES (SEQ_RESERVATION.NEXTVAL, 'P1', 5, 11, 100000, '20240312', '20240316', 5);
INSERT INTO RESERVATION (NO, PAY_METHOD_CODE, RESERVATOR_NO, ROOM_NO, SUM, IN_DATE, OUT_DATE, CARD_NO)
VALUES (SEQ_RESERVATION.NEXTVAL, 'P2', 6, 11, 250000, '20240317', '20240321', 6);
INSERT INTO RESERVATION (NO, PAY_METHOD_CODE, RESERVATOR_NO, ROOM_NO, SUM, IN_DATE, OUT_DATE, CARD_NO)
VALUES (SEQ_RESERVATION.NEXTVAL, 'P1', 7, 11, 300000, '20240322', '20240326', 7);
INSERT INTO RESERVATION (NO, PAY_METHOD_CODE, RESERVATOR_NO, ROOM_NO, SUM, IN_DATE, OUT_DATE, CARD_NO)
VALUES (SEQ_RESERVATION.NEXTVAL, 'P2', 8, 11, 300000, '20240327', '20240331', 8);
INSERT INTO RESERVATION (NO, PAY_METHOD_CODE, RESERVATOR_NO, ROOM_NO, SUM, IN_DATE, OUT_DATE, CARD_NO)
VALUES (SEQ_RESERVATION.NEXTVAL, 'P1', 9, 11, 150000, '20240401', '20240405', 9);
INSERT INTO RESERVATION (NO, PAY_METHOD_CODE, RESERVATOR_NO, ROOM_NO, SUM, IN_DATE, OUT_DATE, CARD_NO)
VALUES (SEQ_RESERVATION.NEXTVAL, 'P2', 10, 11, 100000, '20240406', '20240410', 10);

-- Room 12
INSERT INTO RESERVATION (NO, PAY_METHOD_CODE, RESERVATOR_NO, ROOM_NO, SUM, IN_DATE, OUT_DATE, CARD_NO)
VALUES (SEQ_RESERVATION.NEXTVAL, 'P1', 1, 12, 250000, '20240411', '20240415', 1);
INSERT INTO RESERVATION (NO, PAY_METHOD_CODE, RESERVATOR_NO, ROOM_NO, SUM, IN_DATE, OUT_DATE, CARD_NO)
VALUES (SEQ_RESERVATION.NEXTVAL, 'P2', 2, 12, 300000, '20240416', '20240420', 2);
INSERT INTO RESERVATION (NO, PAY_METHOD_CODE, RESERVATOR_NO, ROOM_NO, SUM, IN_DATE, OUT_DATE, CARD_NO)
VALUES (SEQ_RESERVATION.NEXTVAL, 'P1', 3, 12, 300000, '20240421', '20240425', 3);
INSERT INTO RESERVATION (NO, PAY_METHOD_CODE, RESERVATOR_NO, ROOM_NO, SUM, IN_DATE, OUT_DATE, CARD_NO)
VALUES (SEQ_RESERVATION.NEXTVAL, 'P2', 4, 12, 150000, '20240426', '20240430', 4);
INSERT INTO RESERVATION (NO, PAY_METHOD_CODE, RESERVATOR_NO, ROOM_NO, SUM, IN_DATE, OUT_DATE, CARD_NO)
VALUES (SEQ_RESERVATION.NEXTVAL, 'P1', 5, 12, 100000, '20240501', '20240505', 5);
INSERT INTO RESERVATION (NO, PAY_METHOD_CODE, RESERVATOR_NO, ROOM_NO, SUM, IN_DATE, OUT_DATE, CARD_NO)
VALUES (SEQ_RESERVATION.NEXTVAL, 'P2', 6, 12, 250000, '20240506', '20240510', 6);
INSERT INTO RESERVATION (NO, PAY_METHOD_CODE, RESERVATOR_NO, ROOM_NO, SUM, IN_DATE, OUT_DATE, CARD_NO)
VALUES (SEQ_RESERVATION.NEXTVAL, 'P1', 7, 12, 300000, '20240511', '20240515', 7);
INSERT INTO RESERVATION (NO, PAY_METHOD_CODE, RESERVATOR_NO, ROOM_NO, SUM, IN_DATE, OUT_DATE, CARD_NO)
VALUES (SEQ_RESERVATION.NEXTVAL, 'P2', 8, 12, 300000, '20240516', '20240520', 8);
INSERT INTO RESERVATION (NO, PAY_METHOD_CODE, RESERVATOR_NO, ROOM_NO, SUM, IN_DATE, OUT_DATE, CARD_NO)
VALUES (SEQ_RESERVATION.NEXTVAL, 'P1', 9, 12, 150000, '20240521', '20240525', 9);
INSERT INTO RESERVATION (NO, PAY_METHOD_CODE, RESERVATOR_NO, ROOM_NO, SUM, IN_DATE, OUT_DATE, CARD_NO)
VALUES (SEQ_RESERVATION.NEXTVAL, 'P2', 10, 12, 100000, '20240526', '20240530', 10);

-- Room 13
INSERT INTO RESERVATION (NO, PAY_METHOD_CODE, RESERVATOR_NO, ROOM_NO, SUM, IN_DATE, OUT_DATE, CARD_NO)
VALUES (SEQ_RESERVATION.NEXTVAL, 'P1', 1, 13, 250000, '20240101', '20240105', 1);
INSERT INTO RESERVATION (NO, PAY_METHOD_CODE, RESERVATOR_NO, ROOM_NO, SUM, IN_DATE, OUT_DATE, CARD_NO)
VALUES (SEQ_RESERVATION.NEXTVAL, 'P2', 2, 13, 300000, '20240106', '20240110', 2);
INSERT INTO RESERVATION (NO, PAY_METHOD_CODE, RESERVATOR_NO, ROOM_NO, SUM, IN_DATE, OUT_DATE, CARD_NO)
VALUES (SEQ_RESERVATION.NEXTVAL, 'P1', 3, 13, 300000, '20240111', '20240115', 3);
INSERT INTO RESERVATION (NO, PAY_METHOD_CODE, RESERVATOR_NO, ROOM_NO, SUM, IN_DATE, OUT_DATE, CARD_NO)
VALUES (SEQ_RESERVATION.NEXTVAL, 'P2', 4, 13, 150000, '20240116', '20240120', 4);
INSERT INTO RESERVATION (NO, PAY_METHOD_CODE, RESERVATOR_NO, ROOM_NO, SUM, IN_DATE, OUT_DATE, CARD_NO)
VALUES (SEQ_RESERVATION.NEXTVAL, 'P1', 5, 13, 100000, '20240121', '20240125', 5);
INSERT INTO RESERVATION (NO, PAY_METHOD_CODE, RESERVATOR_NO, ROOM_NO, SUM, IN_DATE, OUT_DATE, CARD_NO)
VALUES (SEQ_RESERVATION.NEXTVAL, 'P2', 6, 13, 250000, '20240126', '20240130', 6);
INSERT INTO RESERVATION (NO, PAY_METHOD_CODE, RESERVATOR_NO, ROOM_NO, SUM, IN_DATE, OUT_DATE, CARD_NO)
VALUES (SEQ_RESERVATION.NEXTVAL, 'P1', 7, 13, 300000, '20240201', '20240205', 7);
INSERT INTO RESERVATION (NO, PAY_METHOD_CODE, RESERVATOR_NO, ROOM_NO, SUM, IN_DATE, OUT_DATE, CARD_NO)
VALUES (SEQ_RESERVATION.NEXTVAL, 'P2', 8, 13, 300000, '20240206', '20240210', 8);
INSERT INTO RESERVATION (NO, PAY_METHOD_CODE, RESERVATOR_NO, ROOM_NO, SUM, IN_DATE, OUT_DATE, CARD_NO)
VALUES (SEQ_RESERVATION.NEXTVAL, 'P1', 9, 13, 150000, '20240211', '20240215', 9);
INSERT INTO RESERVATION (NO, PAY_METHOD_CODE, RESERVATOR_NO, ROOM_NO, SUM, IN_DATE, OUT_DATE, CARD_NO)
VALUES (SEQ_RESERVATION.NEXTVAL, 'P2', 10, 13, 100000, '20240216', '20240220', 10);

-- Room 14
INSERT INTO RESERVATION (NO, PAY_METHOD_CODE, RESERVATOR_NO, ROOM_NO, SUM, IN_DATE, OUT_DATE, CARD_NO)
VALUES (SEQ_RESERVATION.NEXTVAL, 'P1', 1, 14, 250000, '20240221', '20240225', 1);
INSERT INTO RESERVATION (NO, PAY_METHOD_CODE, RESERVATOR_NO, ROOM_NO, SUM, IN_DATE, OUT_DATE, CARD_NO)
VALUES (SEQ_RESERVATION.NEXTVAL, 'P2', 2, 14, 300000, '20240226', '20240301', 2);
INSERT INTO RESERVATION (NO, PAY_METHOD_CODE, RESERVATOR_NO, ROOM_NO, SUM, IN_DATE, OUT_DATE, CARD_NO)
VALUES (SEQ_RESERVATION.NEXTVAL, 'P1', 3, 14, 300000, '20240302', '20240306', 3);
INSERT INTO RESERVATION (NO, PAY_METHOD_CODE, RESERVATOR_NO, ROOM_NO, SUM, IN_DATE, OUT_DATE, CARD_NO)
VALUES (SEQ_RESERVATION.NEXTVAL, 'P2', 4, 14, 150000, '20240307', '20240311', 4);
INSERT INTO RESERVATION (NO, PAY_METHOD_CODE, RESERVATOR_NO, ROOM_NO, SUM, IN_DATE, OUT_DATE, CARD_NO)
VALUES (SEQ_RESERVATION.NEXTVAL, 'P1', 5, 14, 100000, '20240312', '20240316', 5);
INSERT INTO RESERVATION (NO, PAY_METHOD_CODE, RESERVATOR_NO, ROOM_NO, SUM, IN_DATE, OUT_DATE, CARD_NO)
VALUES (SEQ_RESERVATION.NEXTVAL, 'P2', 6, 14, 250000, '20240317', '20240321', 6);
INSERT INTO RESERVATION (NO, PAY_METHOD_CODE, RESERVATOR_NO, ROOM_NO, SUM, IN_DATE, OUT_DATE, CARD_NO)
VALUES (SEQ_RESERVATION.NEXTVAL, 'P1', 7, 14, 300000, '20240322', '20240326', 7);
INSERT INTO RESERVATION (NO, PAY_METHOD_CODE, RESERVATOR_NO, ROOM_NO, SUM, IN_DATE, OUT_DATE, CARD_NO)
VALUES (SEQ_RESERVATION.NEXTVAL, 'P2', 8, 14, 300000, '20240327', '20240331', 8);
INSERT INTO RESERVATION (NO, PAY_METHOD_CODE, RESERVATOR_NO, ROOM_NO, SUM, IN_DATE, OUT_DATE, CARD_NO)
VALUES (SEQ_RESERVATION.NEXTVAL, 'P1', 9, 14, 150000, '20240401', '20240405', 9);
INSERT INTO RESERVATION (NO, PAY_METHOD_CODE, RESERVATOR_NO, ROOM_NO, SUM, IN_DATE, OUT_DATE, CARD_NO)
VALUES (SEQ_RESERVATION.NEXTVAL, 'P2', 10, 14, 100000, '20240406', '20240410', 10);

-- Room 15
INSERT INTO RESERVATION (NO, PAY_METHOD_CODE, RESERVATOR_NO, ROOM_NO, SUM, IN_DATE, OUT_DATE, CARD_NO)
VALUES (SEQ_RESERVATION.NEXTVAL, 'P1', 1, 15, 250000, '20240411', '20240415', 1);
INSERT INTO RESERVATION (NO, PAY_METHOD_CODE, RESERVATOR_NO, ROOM_NO, SUM, IN_DATE, OUT_DATE, CARD_NO)
VALUES (SEQ_RESERVATION.NEXTVAL, 'P2', 2, 15, 300000, '20240416', '20240420', 2);
INSERT INTO RESERVATION (NO, PAY_METHOD_CODE, RESERVATOR_NO, ROOM_NO, SUM, IN_DATE, OUT_DATE, CARD_NO)
VALUES (SEQ_RESERVATION.NEXTVAL, 'P1', 3, 15, 300000, '20240421', '20240425', 3);
INSERT INTO RESERVATION (NO, PAY_METHOD_CODE, RESERVATOR_NO, ROOM_NO, SUM, IN_DATE, OUT_DATE, CARD_NO)
VALUES (SEQ_RESERVATION.NEXTVAL, 'P2', 4, 15, 150000, '20240426', '20240430', 4);
INSERT INTO RESERVATION (NO, PAY_METHOD_CODE, RESERVATOR_NO, ROOM_NO, SUM, IN_DATE, OUT_DATE, CARD_NO)
VALUES (SEQ_RESERVATION.NEXTVAL, 'P1', 5, 15, 100000, '20240501', '20240505', 5);
INSERT INTO RESERVATION (NO, PAY_METHOD_CODE, RESERVATOR_NO, ROOM_NO, SUM, IN_DATE, OUT_DATE, CARD_NO)
VALUES (SEQ_RESERVATION.NEXTVAL, 'P2', 6, 15, 250000, '20240506', '20240510', 6);
INSERT INTO RESERVATION (NO, PAY_METHOD_CODE, RESERVATOR_NO, ROOM_NO, SUM, IN_DATE, OUT_DATE, CARD_NO)
VALUES (SEQ_RESERVATION.NEXTVAL, 'P1', 7, 15, 300000, '20240511', '20240515', 7);
INSERT INTO RESERVATION (NO, PAY_METHOD_CODE, RESERVATOR_NO, ROOM_NO, SUM, IN_DATE, OUT_DATE, CARD_NO)
VALUES (SEQ_RESERVATION.NEXTVAL, 'P2', 8, 15, 300000, '20240516', '20240520', 8);
INSERT INTO RESERVATION (NO, PAY_METHOD_CODE, RESERVATOR_NO, ROOM_NO, SUM, IN_DATE, OUT_DATE, CARD_NO)
VALUES (SEQ_RESERVATION.NEXTVAL, 'P1', 9, 15, 150000, '20240521', '20240525', 9);
INSERT INTO RESERVATION (NO, PAY_METHOD_CODE, RESERVATOR_NO, ROOM_NO, SUM, IN_DATE, OUT_DATE, CARD_NO)
VALUES (SEQ_RESERVATION.NEXTVAL, 'P2', 10, 15, 100000, '20240526', '20240530', 10);

-- Room 16
INSERT INTO RESERVATION (NO, PAY_METHOD_CODE, RESERVATOR_NO, ROOM_NO, SUM, IN_DATE, OUT_DATE, CARD_NO)
VALUES (SEQ_RESERVATION.NEXTVAL, 'P1', 1, 16, 250000, '20240101', '20240105', 1);
INSERT INTO RESERVATION (NO, PAY_METHOD_CODE, RESERVATOR_NO, ROOM_NO, SUM, IN_DATE, OUT_DATE, CARD_NO)
VALUES (SEQ_RESERVATION.NEXTVAL, 'P2', 2, 16, 300000, '20240106', '20240110', 2);
INSERT INTO RESERVATION (NO, PAY_METHOD_CODE, RESERVATOR_NO, ROOM_NO, SUM, IN_DATE, OUT_DATE, CARD_NO)
VALUES (SEQ_RESERVATION.NEXTVAL, 'P1', 3, 16, 300000, '20240111', '20240115', 3);
INSERT INTO RESERVATION (NO, PAY_METHOD_CODE, RESERVATOR_NO, ROOM_NO, SUM, IN_DATE, OUT_DATE, CARD_NO)
VALUES (SEQ_RESERVATION.NEXTVAL, 'P2', 4, 16, 150000, '20240116', '20240120', 4);
INSERT INTO RESERVATION (NO, PAY_METHOD_CODE, RESERVATOR_NO, ROOM_NO, SUM, IN_DATE, OUT_DATE, CARD_NO)
VALUES (SEQ_RESERVATION.NEXTVAL, 'P1', 5, 16, 100000, '20240121', '20240125', 5);
INSERT INTO RESERVATION (NO, PAY_METHOD_CODE, RESERVATOR_NO, ROOM_NO, SUM, IN_DATE, OUT_DATE, CARD_NO)
VALUES (SEQ_RESERVATION.NEXTVAL, 'P2', 6, 16, 250000, '20240126', '20240130', 6);
INSERT INTO RESERVATION (NO, PAY_METHOD_CODE, RESERVATOR_NO, ROOM_NO, SUM, IN_DATE, OUT_DATE, CARD_NO)
VALUES (SEQ_RESERVATION.NEXTVAL, 'P1', 7, 16, 300000, '20240201', '20240205', 7);
INSERT INTO RESERVATION (NO, PAY_METHOD_CODE, RESERVATOR_NO, ROOM_NO, SUM, IN_DATE, OUT_DATE, CARD_NO)
VALUES (SEQ_RESERVATION.NEXTVAL, 'P2', 8, 16, 300000, '20240206', '20240210', 8);
INSERT INTO RESERVATION (NO, PAY_METHOD_CODE, RESERVATOR_NO, ROOM_NO, SUM, IN_DATE, OUT_DATE, CARD_NO)
VALUES (SEQ_RESERVATION.NEXTVAL, 'P1', 9, 16, 150000, '20240211', '20240215', 9);
INSERT INTO RESERVATION (NO, PAY_METHOD_CODE, RESERVATOR_NO, ROOM_NO, SUM, IN_DATE, OUT_DATE, CARD_NO)
VALUES (SEQ_RESERVATION.NEXTVAL, 'P2', 10, 16, 100000, '20240216', '20240220', 10);

-- Room 17
INSERT INTO RESERVATION (NO, PAY_METHOD_CODE, RESERVATOR_NO, ROOM_NO, SUM, IN_DATE, OUT_DATE, CARD_NO)
VALUES (SEQ_RESERVATION.NEXTVAL, 'P1', 1, 1, 250000, '20240509', '20240513', 1);
INSERT INTO RESERVATION (NO, PAY_METHOD_CODE, RESERVATOR_NO, ROOM_NO, SUM, IN_DATE, OUT_DATE, CARD_NO)
VALUES (SEQ_RESERVATION.NEXTVAL, 'P1', 2, 2, 300000, '20240510', '20240514', 2);
INSERT INTO RESERVATION (NO, PAY_METHOD_CODE, RESERVATOR_NO, ROOM_NO, SUM, IN_DATE, OUT_DATE, CARD_NO)
VALUES (SEQ_RESERVATION.NEXTVAL, 'P1', 3, 3, 300000, '20240501', '20240505', 3);
INSERT INTO RESERVATION (NO, PAY_METHOD_CODE, RESERVATOR_NO, ROOM_NO, SUM, IN_DATE, OUT_DATE, CARD_NO)
VALUES (SEQ_RESERVATION.NEXTVAL, 'P1', 4, 4, 150000, '20240502', '20240506', 4);
INSERT INTO RESERVATION (NO, PAY_METHOD_CODE, RESERVATOR_NO, ROOM_NO, SUM, IN_DATE, OUT_DATE, CARD_NO)
VALUES (SEQ_RESERVATION.NEXTVAL, 'P1', 5, 5, 100000, '20240503', '20240507', 5);
INSERT INTO RESERVATION (NO, PAY_METHOD_CODE, RESERVATOR_NO, ROOM_NO, SUM, IN_DATE, OUT_DATE, CARD_NO)
VALUES (SEQ_RESERVATION.NEXTVAL, 'P2', 6, 6, 250000, '20240509', '20240513', 6);
INSERT INTO RESERVATION (NO, PAY_METHOD_CODE, RESERVATOR_NO, ROOM_NO, SUM, IN_DATE, OUT_DATE, CARD_NO)
VALUES (SEQ_RESERVATION.NEXTVAL, 'P2', 7, 7, 300000, '20240510', '20240514', 7);
INSERT INTO RESERVATION (NO, PAY_METHOD_CODE, RESERVATOR_NO, ROOM_NO, SUM, IN_DATE, OUT_DATE, CARD_NO)
VALUES (SEQ_RESERVATION.NEXTVAL, 'P2', 8, 8, 300000, '20240501', '20240505', 8);
INSERT INTO RESERVATION (NO, PAY_METHOD_CODE, RESERVATOR_NO, ROOM_NO, SUM, IN_DATE, OUT_DATE, CARD_NO)
VALUES (SEQ_RESERVATION.NEXTVAL, 'P2', 9, 9, 150000, '20240502', '20240506', 9);
INSERT INTO RESERVATION (NO, PAY_METHOD_CODE, RESERVATOR_NO, ROOM_NO, SUM, IN_DATE, OUT_DATE, CARD_NO)
VALUES (SEQ_RESERVATION.NEXTVAL, 'P2', 10, 10, 100000, '20240503', '20240507', 10);

-- Room 17
INSERT INTO RESERVATION (NO, PAY_METHOD_CODE, RESERVATOR_NO, ROOM_NO, SUM, IN_DATE, OUT_DATE, CARD_NO)
VALUES (SEQ_RESERVATION.NEXTVAL, 'P1', 1, 17, 250000, '20240101', '20240105', 1);
INSERT INTO RESERVATION (NO, PAY_METHOD_CODE, RESERVATOR_NO, ROOM_NO, SUM, IN_DATE, OUT_DATE, CARD_NO)
VALUES (SEQ_RESERVATION.NEXTVAL, 'P2', 2, 17, 300000, '20240106', '20240110', 2);
INSERT INTO RESERVATION (NO, PAY_METHOD_CODE, RESERVATOR_NO, ROOM_NO, SUM, IN_DATE, OUT_DATE, CARD_NO)
VALUES (SEQ_RESERVATION.NEXTVAL, 'P1', 3, 17, 300000, '20240111', '20240115', 3);
INSERT INTO RESERVATION (NO, PAY_METHOD_CODE, RESERVATOR_NO, ROOM_NO, SUM, IN_DATE, OUT_DATE, CARD_NO)
VALUES (SEQ_RESERVATION.NEXTVAL, 'P2', 4, 17, 150000, '20240116', '20240120', 4);
INSERT INTO RESERVATION (NO, PAY_METHOD_CODE, RESERVATOR_NO, ROOM_NO, SUM, IN_DATE, OUT_DATE, CARD_NO)
VALUES (SEQ_RESERVATION.NEXTVAL, 'P1', 5, 17, 100000, '20240121', '20240125', 5);
INSERT INTO RESERVATION (NO, PAY_METHOD_CODE, RESERVATOR_NO, ROOM_NO, SUM, IN_DATE, OUT_DATE, CARD_NO)
VALUES (SEQ_RESERVATION.NEXTVAL, 'P2', 6, 17, 250000, '20240126', '20240130', 6);
INSERT INTO RESERVATION (NO, PAY_METHOD_CODE, RESERVATOR_NO, ROOM_NO, SUM, IN_DATE, OUT_DATE, CARD_NO)
VALUES (SEQ_RESERVATION.NEXTVAL, 'P1', 7, 17, 300000, '20240131', '20240204', 7);
INSERT INTO RESERVATION (NO, PAY_METHOD_CODE, RESERVATOR_NO, ROOM_NO, SUM, IN_DATE, OUT_DATE, CARD_NO)
VALUES (SEQ_RESERVATION.NEXTVAL, 'P2', 8, 17, 300000, '20240205', '20240209', 8);
INSERT INTO RESERVATION (NO, PAY_METHOD_CODE, RESERVATOR_NO, ROOM_NO, SUM, IN_DATE, OUT_DATE, CARD_NO)
VALUES (SEQ_RESERVATION.NEXTVAL, 'P1', 9, 17, 150000, '20240210', '20240214', 9);
INSERT INTO RESERVATION (NO, PAY_METHOD_CODE, RESERVATOR_NO, ROOM_NO, SUM, IN_DATE, OUT_DATE, CARD_NO)
VALUES (SEQ_RESERVATION.NEXTVAL, 'P2', 10, 17, 100000, '20240215', '20240219', 10);

-- Room 18
INSERT INTO RESERVATION (NO, PAY_METHOD_CODE, RESERVATOR_NO, ROOM_NO, SUM, IN_DATE, OUT_DATE, CARD_NO)
VALUES (SEQ_RESERVATION.NEXTVAL, 'P1', 1, 18, 250000, '20240101', '20240105', 1);
INSERT INTO RESERVATION (NO, PAY_METHOD_CODE, RESERVATOR_NO, ROOM_NO, SUM, IN_DATE, OUT_DATE, CARD_NO)
VALUES (SEQ_RESERVATION.NEXTVAL, 'P2', 2, 18, 300000, '20240106', '20240110', 2);
INSERT INTO RESERVATION (NO, PAY_METHOD_CODE, RESERVATOR_NO, ROOM_NO, SUM, IN_DATE, OUT_DATE, CARD_NO)
VALUES (SEQ_RESERVATION.NEXTVAL, 'P1', 3, 18, 300000, '20240111', '20240115', 3);
INSERT INTO RESERVATION (NO, PAY_METHOD_CODE, RESERVATOR_NO, ROOM_NO, SUM, IN_DATE, OUT_DATE, CARD_NO)
VALUES (SEQ_RESERVATION.NEXTVAL, 'P2', 4, 18, 150000, '20240116', '20240120', 4);
INSERT INTO RESERVATION (NO, PAY_METHOD_CODE, RESERVATOR_NO, ROOM_NO, SUM, IN_DATE, OUT_DATE, CARD_NO)
VALUES (SEQ_RESERVATION.NEXTVAL, 'P1', 5, 18, 100000, '20240121', '20240125', 5);
INSERT INTO RESERVATION (NO, PAY_METHOD_CODE, RESERVATOR_NO, ROOM_NO, SUM, IN_DATE, OUT_DATE, CARD_NO)
VALUES (SEQ_RESERVATION.NEXTVAL, 'P2', 6, 18, 250000, '20240126', '20240130', 6);
INSERT INTO RESERVATION (NO, PAY_METHOD_CODE, RESERVATOR_NO, ROOM_NO, SUM, IN_DATE, OUT_DATE, CARD_NO)
VALUES (SEQ_RESERVATION.NEXTVAL, 'P1', 7, 18, 300000, '20240131', '20240204', 7);
INSERT INTO RESERVATION (NO, PAY_METHOD_CODE, RESERVATOR_NO, ROOM_NO, SUM, IN_DATE, OUT_DATE, CARD_NO)
VALUES (SEQ_RESERVATION.NEXTVAL, 'P2', 8, 18, 300000, '20240205', '20240209', 8);
INSERT INTO RESERVATION (NO, PAY_METHOD_CODE, RESERVATOR_NO, ROOM_NO, SUM, IN_DATE, OUT_DATE, CARD_NO)
VALUES (SEQ_RESERVATION.NEXTVAL, 'P1', 9, 18, 150000, '20240210', '20240214', 9);
INSERT INTO RESERVATION (NO, PAY_METHOD_CODE, RESERVATOR_NO, ROOM_NO, SUM, IN_DATE, OUT_DATE, CARD_NO)
VALUES (SEQ_RESERVATION.NEXTVAL, 'P2', 10, 18, 100000, '20240215', '20240219', 10);

-- Room 19
INSERT INTO RESERVATION (NO, PAY_METHOD_CODE, RESERVATOR_NO, ROOM_NO, SUM, IN_DATE, OUT_DATE, CARD_NO)
VALUES (SEQ_RESERVATION.NEXTVAL, 'P1', 1, 19, 250000, '20240101', '20240105', 1);
INSERT INTO RESERVATION (NO, PAY_METHOD_CODE, RESERVATOR_NO, ROOM_NO, SUM, IN_DATE, OUT_DATE, CARD_NO)
VALUES (SEQ_RESERVATION.NEXTVAL, 'P2', 2, 19, 300000, '20240106', '20240110', 2);
INSERT INTO RESERVATION (NO, PAY_METHOD_CODE, RESERVATOR_NO, ROOM_NO, SUM, IN_DATE, OUT_DATE, CARD_NO)
VALUES (SEQ_RESERVATION.NEXTVAL, 'P1', 3, 19, 300000, '20240111', '20240115', 3);
INSERT INTO RESERVATION (NO, PAY_METHOD_CODE, RESERVATOR_NO, ROOM_NO, SUM, IN_DATE, OUT_DATE, CARD_NO)
VALUES (SEQ_RESERVATION.NEXTVAL, 'P2', 4, 19, 150000, '20240116', '20240120', 4);
INSERT INTO RESERVATION (NO, PAY_METHOD_CODE, RESERVATOR_NO, ROOM_NO, SUM, IN_DATE, OUT_DATE, CARD_NO)
VALUES (SEQ_RESERVATION.NEXTVAL, 'P1', 5, 19, 100000, '20240121', '20240125', 5);
INSERT INTO RESERVATION (NO, PAY_METHOD_CODE, RESERVATOR_NO, ROOM_NO, SUM, IN_DATE, OUT_DATE, CARD_NO)
VALUES (SEQ_RESERVATION.NEXTVAL, 'P2', 6, 19, 250000, '20240126', '20240130', 6);
INSERT INTO RESERVATION (NO, PAY_METHOD_CODE, RESERVATOR_NO, ROOM_NO, SUM, IN_DATE, OUT_DATE, CARD_NO)
VALUES (SEQ_RESERVATION.NEXTVAL, 'P1', 7, 19, 300000, '20240131', '20240204', 7);
INSERT INTO RESERVATION (NO, PAY_METHOD_CODE, RESERVATOR_NO, ROOM_NO, SUM, IN_DATE, OUT_DATE, CARD_NO)
VALUES (SEQ_RESERVATION.NEXTVAL, 'P2', 8, 19, 300000, '20240205', '20240209', 8);
INSERT INTO RESERVATION (NO, PAY_METHOD_CODE, RESERVATOR_NO, ROOM_NO, SUM, IN_DATE, OUT_DATE, CARD_NO)
VALUES (SEQ_RESERVATION.NEXTVAL, 'P1', 9, 19, 150000, '20240210', '20240214', 9);
INSERT INTO RESERVATION (NO, PAY_METHOD_CODE, RESERVATOR_NO, ROOM_NO, SUM, IN_DATE, OUT_DATE, CARD_NO)
VALUES (SEQ_RESERVATION.NEXTVAL, 'P2', 10, 19, 100000, '20240215', '20240219', 10);

-- Room 20
INSERT INTO RESERVATION (NO, PAY_METHOD_CODE, RESERVATOR_NO, ROOM_NO, SUM, IN_DATE, OUT_DATE, CARD_NO)
VALUES (SEQ_RESERVATION.NEXTVAL, 'P1', 1, 20, 250000, '20240101', '20240105', 1);
INSERT INTO RESERVATION (NO, PAY_METHOD_CODE, RESERVATOR_NO, ROOM_NO, SUM, IN_DATE, OUT_DATE, CARD_NO)
VALUES (SEQ_RESERVATION.NEXTVAL, 'P2', 2, 20, 300000, '20240106', '20240110', 2);
INSERT INTO RESERVATION (NO, PAY_METHOD_CODE, RESERVATOR_NO, ROOM_NO, SUM, IN_DATE, OUT_DATE, CARD_NO)
VALUES (SEQ_RESERVATION.NEXTVAL, 'P1', 3, 20, 300000, '20240111', '20240115', 3);
INSERT INTO RESERVATION (NO, PAY_METHOD_CODE, RESERVATOR_NO, ROOM_NO, SUM, IN_DATE, OUT_DATE, CARD_NO)
VALUES (SEQ_RESERVATION.NEXTVAL, 'P2', 4, 20, 150000, '20240116', '20240120', 4);
INSERT INTO RESERVATION (NO, PAY_METHOD_CODE, RESERVATOR_NO, ROOM_NO, SUM, IN_DATE, OUT_DATE, CARD_NO)
VALUES (SEQ_RESERVATION.NEXTVAL, 'P1', 5, 20, 100000, '20240121', '20240125', 5);
INSERT INTO RESERVATION (NO, PAY_METHOD_CODE, RESERVATOR_NO, ROOM_NO, SUM, IN_DATE, OUT_DATE, CARD_NO)
VALUES (SEQ_RESERVATION.NEXTVAL, 'P2', 6, 20, 250000, '20240126', '20240130', 6);
INSERT INTO RESERVATION (NO, PAY_METHOD_CODE, RESERVATOR_NO, ROOM_NO, SUM, IN_DATE, OUT_DATE, CARD_NO)
VALUES (SEQ_RESERVATION.NEXTVAL, 'P1', 7, 20, 300000, '20240131', '20240204', 7);
INSERT INTO RESERVATION (NO, PAY_METHOD_CODE, RESERVATOR_NO, ROOM_NO, SUM, IN_DATE, OUT_DATE, CARD_NO)
VALUES (SEQ_RESERVATION.NEXTVAL, 'P2', 8, 20, 300000, '20240205', '20240209', 8);
INSERT INTO RESERVATION (NO, PAY_METHOD_CODE, RESERVATOR_NO, ROOM_NO, SUM, IN_DATE, OUT_DATE, CARD_NO)
VALUES (SEQ_RESERVATION.NEXTVAL, 'P1', 9, 20, 150000, '20240210', '20240214', 9);
INSERT INTO RESERVATION (NO, PAY_METHOD_CODE, RESERVATOR_NO, ROOM_NO, SUM, IN_DATE, OUT_DATE, CARD_NO)
VALUES (SEQ_RESERVATION.NEXTVAL, 'P2', 10, 20, 100000, '20240215', '20240219', 10);



----- REVIEW  -----
-- Room 1 Reviews
INSERT INTO REVIEW (NO, RESERVE_NO, CONTENT, ACCURACY, CLEAN, CHECKIN, LOCATION, COMMUNICATION)
VALUES (SEQ_REVIEW.NEXTVAL, 1, '정말 좋은 숙소입니다. 강력 추천합니다!', 5, 5, 5, 5, 5);
INSERT INTO REVIEW (NO, RESERVE_NO, CONTENT, ACCURACY, CLEAN, CHECKIN, LOCATION, COMMUNICATION)
VALUES (SEQ_REVIEW.NEXTVAL, 2, '방이 깨끗하고 편안했습니다.', 4, 5, 4, 4, 4);
INSERT INTO REVIEW (NO, RESERVE_NO, CONTENT, ACCURACY, CLEAN, CHECKIN, LOCATION, COMMUNICATION)
VALUES (SEQ_REVIEW.NEXTVAL, 3, '훌륭한 위치와 친절한 호스트.', 5, 5, 5, 5, 5);
INSERT INTO REVIEW (NO, RESERVE_NO, CONTENT, ACCURACY, CLEAN, CHECKIN, LOCATION, COMMUNICATION)
VALUES (SEQ_REVIEW.NEXTVAL, 4, '아름다운 산 전망.', 5, 4, 5, 5, 5);
INSERT INTO REVIEW (NO, RESERVE_NO, CONTENT, ACCURACY, CLEAN, CHECKIN, LOCATION, COMMUNICATION)
VALUES (SEQ_REVIEW.NEXTVAL, 5, '아주 아늑하고 깨끗했습니다. 집처럼 느껴졌어요.', 4, 5, 4, 5, 5);
INSERT INTO REVIEW (NO, RESERVE_NO, CONTENT, ACCURACY, CLEAN, CHECKIN, LOCATION, COMMUNICATION)
VALUES (SEQ_REVIEW.NEXTVAL, 6, '주말 여행에 완벽한 숙소였습니다.', 5, 5, 5, 5, 5);
INSERT INTO REVIEW (NO, RESERVE_NO, CONTENT, ACCURACY, CLEAN, CHECKIN, LOCATION, COMMUNICATION)
VALUES (SEQ_REVIEW.NEXTVAL, 7, '호스트가 매우 친절하고 도움을 많이 주셨습니다.', 5, 4, 4, 4, 5);
INSERT INTO REVIEW (NO, RESERVE_NO, CONTENT, ACCURACY, CLEAN, CHECKIN, LOCATION, COMMUNICATION)
VALUES (SEQ_REVIEW.NEXTVAL, 8, '좋은 장소였지만 밤에는 조금 시끄러웠습니다.', 3, 4, 4, 3, 4);
INSERT INTO REVIEW (NO, RESERVE_NO, CONTENT, ACCURACY, CLEAN, CHECKIN, LOCATION, COMMUNICATION)
VALUES (SEQ_REVIEW.NEXTVAL, 9, '즐거운 시간을 보냈습니다. 다시 방문할게요.', 5, 5, 5, 5, 5);
INSERT INTO REVIEW (NO, RESERVE_NO, CONTENT, ACCURACY, CLEAN, CHECKIN, LOCATION, COMMUNICATION)
VALUES (SEQ_REVIEW.NEXTVAL, 10, '방이 기대만큼 깨끗하지 않았습니다.', 2, 2, 3, 3, 3);

-- Room 2 Reviews
INSERT INTO REVIEW (NO, RESERVE_NO, CONTENT, ACCURACY, CLEAN, CHECKIN, LOCATION, COMMUNICATION)
VALUES (SEQ_REVIEW.NEXTVAL, 11, '전반적으로 좋았습니다.', 4, 4, 4, 4, 4);
INSERT INTO REVIEW (NO, RESERVE_NO, CONTENT, ACCURACY, CLEAN, CHECKIN, LOCATION, COMMUNICATION)
VALUES (SEQ_REVIEW.NEXTVAL, 12, '위치가 아주 좋았습니다.', 5, 5, 5, 5, 5);
INSERT INTO REVIEW (NO, RESERVE_NO, CONTENT, ACCURACY, CLEAN, CHECKIN, LOCATION, COMMUNICATION)
VALUES (SEQ_REVIEW.NEXTVAL, 13, '청결 상태가 만족스러웠습니다.', 4, 5, 4, 4, 4);
INSERT INTO REVIEW (NO, RESERVE_NO, CONTENT, ACCURACY, CLEAN, CHECKIN, LOCATION, COMMUNICATION)
VALUES (SEQ_REVIEW.NEXTVAL, 14, '체크인이 편리했습니다.', 5, 4, 5, 4, 4);
INSERT INTO REVIEW (NO, RESERVE_NO, CONTENT, ACCURACY, CLEAN, CHECKIN, LOCATION, COMMUNICATION)
VALUES (SEQ_REVIEW.NEXTVAL, 15, '가격 대비 훌륭한 숙소입니다.', 5, 5, 5, 5, 5);
INSERT INTO REVIEW (NO, RESERVE_NO, CONTENT, ACCURACY, CLEAN, CHECKIN, LOCATION, COMMUNICATION)
VALUES (SEQ_REVIEW.NEXTVAL, 16, '침대가 아주 편안했습니다.', 4, 4, 4, 4, 4);
INSERT INTO REVIEW (NO, RESERVE_NO, CONTENT, ACCURACY, CLEAN, CHECKIN, LOCATION, COMMUNICATION)
VALUES (SEQ_REVIEW.NEXTVAL, 17, '주변 환경이 좋았습니다.', 5, 5, 5, 5, 5);
INSERT INTO REVIEW (NO, RESERVE_NO, CONTENT, ACCURACY, CLEAN, CHECKIN, LOCATION, COMMUNICATION)
VALUES (SEQ_REVIEW.NEXTVAL, 18, '다시 방문하고 싶습니다.', 4, 4, 4, 4, 4);
INSERT INTO REVIEW (NO, RESERVE_NO, CONTENT, ACCURACY, CLEAN, CHECKIN, LOCATION, COMMUNICATION)
VALUES (SEQ_REVIEW.NEXTVAL, 19, '조용하고 아늑했습니다.', 5, 5, 5, 5, 5);
INSERT INTO REVIEW (NO, RESERVE_NO, CONTENT, ACCURACY, CLEAN, CHECKIN, LOCATION, COMMUNICATION)
VALUES (SEQ_REVIEW.NEXTVAL, 20, '매우 만족스러웠습니다.', 4, 4, 4, 4, 4);

-- Room 3 Reviews
INSERT INTO REVIEW (NO, RESERVE_NO, CONTENT, ACCURACY, CLEAN, CHECKIN, LOCATION, COMMUNICATION)
VALUES (SEQ_REVIEW.NEXTVAL, 21, '서비스가 매우 좋았습니다.', 5, 5, 5, 5, 5);
INSERT INTO REVIEW (NO, RESERVE_NO, CONTENT, ACCURACY, CLEAN, CHECKIN, LOCATION, COMMUNICATION)
VALUES (SEQ_REVIEW.NEXTVAL, 22, '방이 매우 깨끗했습니다.', 5, 5, 5, 5, 5);
INSERT INTO REVIEW (NO, RESERVE_NO, CONTENT, ACCURACY, CLEAN, CHECKIN, LOCATION, COMMUNICATION)
VALUES (SEQ_REVIEW.NEXTVAL, 23, '침대가 매우 편안했습니다.', 4, 4, 4, 4, 4);
INSERT INTO REVIEW (NO, RESERVE_NO, CONTENT, ACCURACY, CLEAN, CHECKIN, LOCATION, COMMUNICATION)
VALUES (SEQ_REVIEW.NEXTVAL, 24, '위치가 정말 좋았습니다.', 5, 5, 5, 5, 5);
INSERT INTO REVIEW (NO, RESERVE_NO, CONTENT, ACCURACY, CLEAN, CHECKIN, LOCATION, COMMUNICATION)
VALUES (SEQ_REVIEW.NEXTVAL, 25, '매우 편안한 숙소였습니다.', 4, 5, 4, 4, 4);
INSERT INTO REVIEW (NO, RESERVE_NO, CONTENT, ACCURACY, CLEAN, CHECKIN, LOCATION, COMMUNICATION)
VALUES (SEQ_REVIEW.NEXTVAL, 26, '아주 친절한 호스트였습니다.', 5, 5, 5, 5, 5);
INSERT INTO REVIEW (NO, RESERVE_NO, CONTENT, ACCURACY, CLEAN, CHECKIN, LOCATION, COMMUNICATION)
VALUES (SEQ_REVIEW.NEXTVAL, 27, '다시 오고 싶습니다.', 4, 4, 4, 4, 4);
INSERT INTO REVIEW (NO, RESERVE_NO, CONTENT, ACCURACY, CLEAN, CHECKIN, LOCATION, COMMUNICATION)
VALUES (SEQ_REVIEW.NEXTVAL, 28, '시설이 잘 갖춰져 있었습니다.', 5, 5, 5, 5, 5);
INSERT INTO REVIEW (NO, RESERVE_NO, CONTENT, ACCURACY, CLEAN, CHECKIN, LOCATION, COMMUNICATION)
VALUES (SEQ_REVIEW.NEXTVAL, 29, '아늑하고 좋았습니다.', 4, 4, 4, 4, 4);
INSERT INTO REVIEW (NO, RESERVE_NO, CONTENT, ACCURACY, CLEAN, CHECKIN, LOCATION, COMMUNICATION)
VALUES (SEQ_REVIEW.NEXTVAL, 30, '정말 멋진 숙소였습니다.', 5, 5, 5, 5, 5);

-- Room 4 Reviews
INSERT INTO REVIEW (NO, RESERVE_NO, CONTENT, ACCURACY, CLEAN, CHECKIN, LOCATION, COMMUNICATION)
VALUES (SEQ_REVIEW.NEXTVAL, 31, '정말 좋은 숙소입니다. 강력 추천합니다!', 5, 5, 5, 5, 5);
INSERT INTO REVIEW (NO, RESERVE_NO, CONTENT, ACCURACY, CLEAN, CHECKIN, LOCATION, COMMUNICATION)
VALUES (SEQ_REVIEW.NEXTVAL, 32, '방이 깨끗하고 편안했습니다.', 4, 5, 4, 4, 4);
INSERT INTO REVIEW (NO, RESERVE_NO, CONTENT, ACCURACY, CLEAN, CHECKIN, LOCATION, COMMUNICATION)
VALUES (SEQ_REVIEW.NEXTVAL, 33, '훌륭한 위치와 친절한 호스트.', 5, 5, 5, 5, 5);
INSERT INTO REVIEW (NO, RESERVE_NO, CONTENT, ACCURACY, CLEAN, CHECKIN, LOCATION, COMMUNICATION)
VALUES (SEQ_REVIEW.NEXTVAL, 34, '아름다운 산 전망.', 5, 4, 5, 5, 5);
INSERT INTO REVIEW (NO, RESERVE_NO, CONTENT, ACCURACY, CLEAN, CHECKIN, LOCATION, COMMUNICATION)
VALUES (SEQ_REVIEW.NEXTVAL, 35, '아주 아늑하고 깨끗했습니다. 집처럼 느껴졌어요.', 4, 5, 4, 5, 5);
INSERT INTO REVIEW (NO, RESERVE_NO, CONTENT, ACCURACY, CLEAN, CHECKIN, LOCATION, COMMUNICATION)
VALUES (SEQ_REVIEW.NEXTVAL, 36, '주말 여행에 완벽한 숙소였습니다.', 5, 5, 5, 5, 5);
INSERT INTO REVIEW (NO, RESERVE_NO, CONTENT, ACCURACY, CLEAN, CHECKIN, LOCATION, COMMUNICATION)
VALUES (SEQ_REVIEW.NEXTVAL, 37, '호스트가 매우 친절하고 도움을 많이 주셨습니다.', 5, 4, 4, 4, 5);
INSERT INTO REVIEW (NO, RESERVE_NO, CONTENT, ACCURACY, CLEAN, CHECKIN, LOCATION, COMMUNICATION)
VALUES (SEQ_REVIEW.NEXTVAL, 38, '좋은 장소였지만 밤에는 조금 시끄러웠습니다.', 3, 4, 4, 3, 4);
INSERT INTO REVIEW (NO, RESERVE_NO, CONTENT, ACCURACY, CLEAN, CHECKIN, LOCATION, COMMUNICATION)
VALUES (SEQ_REVIEW.NEXTVAL, 39, '즐거운 시간을 보냈습니다. 다시 방문할게요.', 5, 5, 5, 5, 5);
INSERT INTO REVIEW (NO, RESERVE_NO, CONTENT, ACCURACY, CLEAN, CHECKIN, LOCATION, COMMUNICATION)
VALUES (SEQ_REVIEW.NEXTVAL, 40, '방이 기대만큼 깨끗하지 않았습니다.', 2, 2, 3, 3, 3);

-- Room 5 Reviews
INSERT INTO REVIEW (NO, RESERVE_NO, CONTENT, ACCURACY, CLEAN, CHECKIN, LOCATION, COMMUNICATION)
VALUES (SEQ_REVIEW.NEXTVAL, 41, '정말 좋은 숙소입니다. 강력 추천합니다!', 5, 5, 5, 5, 5);
INSERT INTO REVIEW (NO, RESERVE_NO, CONTENT, ACCURACY, CLEAN, CHECKIN, LOCATION, COMMUNICATION)
VALUES (SEQ_REVIEW.NEXTVAL, 42, '방이 깨끗하고 편안했습니다.', 4, 5, 4, 4, 4);
INSERT INTO REVIEW (NO, RESERVE_NO, CONTENT, ACCURACY, CLEAN, CHECKIN, LOCATION, COMMUNICATION)
VALUES (SEQ_REVIEW.NEXTVAL, 43, '훌륭한 위치와 친절한 호스트.', 5, 5, 5, 5, 5);
INSERT INTO REVIEW (NO, RESERVE_NO, CONTENT, ACCURACY, CLEAN, CHECKIN, LOCATION, COMMUNICATION)
VALUES (SEQ_REVIEW.NEXTVAL, 44, '아름다운 산 전망.', 5, 4, 5, 5, 5);
INSERT INTO REVIEW (NO, RESERVE_NO, CONTENT, ACCURACY, CLEAN, CHECKIN, LOCATION, COMMUNICATION)
VALUES (SEQ_REVIEW.NEXTVAL, 45, '아주 아늑하고 깨끗했습니다. 집처럼 느껴졌어요.', 4, 5, 4, 5, 5);
INSERT INTO REVIEW (NO, RESERVE_NO, CONTENT, ACCURACY, CLEAN, CHECKIN, LOCATION, COMMUNICATION)
VALUES (SEQ_REVIEW.NEXTVAL, 46, '주말 여행에 완벽한 숙소였습니다.', 5, 5, 5, 5, 5);
INSERT INTO REVIEW (NO, RESERVE_NO, CONTENT, ACCURACY, CLEAN, CHECKIN, LOCATION, COMMUNICATION)
VALUES (SEQ_REVIEW.NEXTVAL, 47, '호스트가 매우 친절하고 도움을 많이 주셨습니다.', 5, 4, 4, 4, 5);
INSERT INTO REVIEW (NO, RESERVE_NO, CONTENT, ACCURACY, CLEAN, CHECKIN, LOCATION, COMMUNICATION)
VALUES (SEQ_REVIEW.NEXTVAL, 48, '좋은 장소였지만 밤에는 조금 시끄러웠습니다.', 3, 4, 4, 3, 4);
INSERT INTO REVIEW (NO, RESERVE_NO, CONTENT, ACCURACY, CLEAN, CHECKIN, LOCATION, COMMUNICATION)
VALUES (SEQ_REVIEW.NEXTVAL, 49, '즐거운 시간을 보냈습니다. 다시 방문할게요.', 5, 5, 5, 5, 5);
INSERT INTO REVIEW (NO, RESERVE_NO, CONTENT, ACCURACY, CLEAN, CHECKIN, LOCATION, COMMUNICATION)
VALUES (SEQ_REVIEW.NEXTVAL, 50, '방이 기대만큼 깨끗하지 않았습니다.', 2, 2, 3, 3, 3);

-- Room 6 Reviews
INSERT INTO REVIEW (NO, RESERVE_NO, CONTENT, ACCURACY, CLEAN, CHECKIN, LOCATION, COMMUNICATION)
VALUES (SEQ_REVIEW.NEXTVAL, 51, '정말 좋은 숙소입니다. 강력 추천합니다!', 5, 5, 5, 5, 5);
INSERT INTO REVIEW (NO, RESERVE_NO, CONTENT, ACCURACY, CLEAN, CHECKIN, LOCATION, COMMUNICATION)
VALUES (SEQ_REVIEW.NEXTVAL, 52, '방이 깨끗하고 편안했습니다.', 4, 5, 4, 4, 4);
INSERT INTO REVIEW (NO, RESERVE_NO, CONTENT, ACCURACY, CLEAN, CHECKIN, LOCATION, COMMUNICATION)
VALUES (SEQ_REVIEW.NEXTVAL, 53, '훌륭한 위치와 친절한 호스트.', 5, 5, 5, 5, 5);
INSERT INTO REVIEW (NO, RESERVE_NO, CONTENT, ACCURACY, CLEAN, CHECKIN, LOCATION, COMMUNICATION)
VALUES (SEQ_REVIEW.NEXTVAL, 54, '아름다운 산 전망.', 5, 4, 5, 5, 5);
INSERT INTO REVIEW (NO, RESERVE_NO, CONTENT, ACCURACY, CLEAN, CHECKIN, LOCATION, COMMUNICATION)
VALUES (SEQ_REVIEW.NEXTVAL, 55, '아주 아늑하고 깨끗했습니다. 집처럼 느껴졌어요.', 4, 5, 4, 5, 5);
INSERT INTO REVIEW (NO, RESERVE_NO, CONTENT, ACCURACY, CLEAN, CHECKIN, LOCATION, COMMUNICATION)
VALUES (SEQ_REVIEW.NEXTVAL, 56, '주말 여행에 완벽한 숙소였습니다.', 5, 5, 5, 5, 5);
INSERT INTO REVIEW (NO, RESERVE_NO, CONTENT, ACCURACY, CLEAN, CHECKIN, LOCATION, COMMUNICATION)
VALUES (SEQ_REVIEW.NEXTVAL, 57, '호스트가 매우 친절하고 도움을 많이 주셨습니다.', 5, 4, 4, 4, 5);
INSERT INTO REVIEW (NO, RESERVE_NO, CONTENT, ACCURACY, CLEAN, CHECKIN, LOCATION, COMMUNICATION)
VALUES (SEQ_REVIEW.NEXTVAL, 58, '좋은 장소였지만 밤에는 조금 시끄러웠습니다.', 3, 4, 4, 3, 4);
INSERT INTO REVIEW (NO, RESERVE_NO, CONTENT, ACCURACY, CLEAN, CHECKIN, LOCATION, COMMUNICATION)
VALUES (SEQ_REVIEW.NEXTVAL, 59, '즐거운 시간을 보냈습니다. 다시 방문할게요.', 5, 5, 5, 5, 5);
INSERT INTO REVIEW (NO, RESERVE_NO, CONTENT, ACCURACY, CLEAN, CHECKIN, LOCATION, COMMUNICATION)
VALUES (SEQ_REVIEW.NEXTVAL, 60, '방이 기대만큼 깨끗하지 않았습니다.', 2, 2, 3, 3, 3);

-- Room 7 Reviews
INSERT INTO REVIEW (NO, RESERVE_NO, CONTENT, ACCURACY, CLEAN, CHECKIN, LOCATION, COMMUNICATION)
VALUES (SEQ_REVIEW.NEXTVAL, 61, '정말 좋은 숙소입니다. 강력 추천합니다!', 5, 5, 5, 5, 5);
INSERT INTO REVIEW (NO, RESERVE_NO, CONTENT, ACCURACY, CLEAN, CHECKIN, LOCATION, COMMUNICATION)
VALUES (SEQ_REVIEW.NEXTVAL, 62, '방이 깨끗하고 편안했습니다.', 4, 5, 4, 4, 4);
INSERT INTO REVIEW (NO, RESERVE_NO, CONTENT, ACCURACY, CLEAN, CHECKIN, LOCATION, COMMUNICATION)
VALUES (SEQ_REVIEW.NEXTVAL, 63, '훌륭한 위치와 친절한 호스트.', 5, 5, 5, 5, 5);
INSERT INTO REVIEW (NO, RESERVE_NO, CONTENT, ACCURACY, CLEAN, CHECKIN, LOCATION, COMMUNICATION)
VALUES (SEQ_REVIEW.NEXTVAL, 64, '아름다운 산 전망.', 5, 4, 5, 5, 5);
INSERT INTO REVIEW (NO, RESERVE_NO, CONTENT, ACCURACY, CLEAN, CHECKIN, LOCATION, COMMUNICATION)
VALUES (SEQ_REVIEW.NEXTVAL, 65, '아주 아늑하고 깨끗했습니다. 집처럼 느껴졌어요.', 4, 5, 4, 5, 5);
INSERT INTO REVIEW (NO, RESERVE_NO, CONTENT, ACCURACY, CLEAN, CHECKIN, LOCATION, COMMUNICATION)
VALUES (SEQ_REVIEW.NEXTVAL, 66, '주말 여행에 완벽한 숙소였습니다.', 5, 5, 5, 5, 5);
INSERT INTO REVIEW (NO, RESERVE_NO, CONTENT, ACCURACY, CLEAN, CHECKIN, LOCATION, COMMUNICATION)
VALUES (SEQ_REVIEW.NEXTVAL, 67, '호스트가 매우 친절하고 도움을 많이 주셨습니다.', 5, 4, 4, 4, 5);
INSERT INTO REVIEW (NO, RESERVE_NO, CONTENT, ACCURACY, CLEAN, CHECKIN, LOCATION, COMMUNICATION)
VALUES (SEQ_REVIEW.NEXTVAL, 68, '좋은 장소였지만 밤에는 조금 시끄러웠습니다.', 3, 4, 4, 3, 4);
INSERT INTO REVIEW (NO, RESERVE_NO, CONTENT, ACCURACY, CLEAN, CHECKIN, LOCATION, COMMUNICATION)
VALUES (SEQ_REVIEW.NEXTVAL, 69, '즐거운 시간을 보냈습니다. 다시 방문할게요.', 5, 5, 5, 5, 5);
INSERT INTO REVIEW (NO, RESERVE_NO, CONTENT, ACCURACY, CLEAN, CHECKIN, LOCATION, COMMUNICATION)
VALUES (SEQ_REVIEW.NEXTVAL, 70, '방이 기대만큼 깨끗하지 않았습니다.', 2, 2, 3, 3, 3);

-- Room 8 Reviews
INSERT INTO REVIEW (NO, RESERVE_NO, CONTENT, ACCURACY, CLEAN, CHECKIN, LOCATION, COMMUNICATION)
VALUES (SEQ_REVIEW.NEXTVAL, 71, '정말 좋은 숙소입니다. 강력 추천합니다!', 5, 5, 5, 5, 5);
INSERT INTO REVIEW (NO, RESERVE_NO, CONTENT, ACCURACY, CLEAN, CHECKIN, LOCATION, COMMUNICATION)
VALUES (SEQ_REVIEW.NEXTVAL, 72, '방이 깨끗하고 편안했습니다.', 4, 5, 4, 4, 4);
INSERT INTO REVIEW (NO, RESERVE_NO, CONTENT, ACCURACY, CLEAN, CHECKIN, LOCATION, COMMUNICATION)
VALUES (SEQ_REVIEW.NEXTVAL, 73, '훌륭한 위치와 친절한 호스트.', 5, 5, 5, 5, 5);
INSERT INTO REVIEW (NO, RESERVE_NO, CONTENT, ACCURACY, CLEAN, CHECKIN, LOCATION, COMMUNICATION)
VALUES (SEQ_REVIEW.NEXTVAL, 74, '아름다운 산 전망.', 5, 4, 5, 5, 5);
INSERT INTO REVIEW (NO, RESERVE_NO, CONTENT, ACCURACY, CLEAN, CHECKIN, LOCATION, COMMUNICATION)
VALUES (SEQ_REVIEW.NEXTVAL, 75, '아주 아늑하고 깨끗했습니다. 집처럼 느껴졌어요.', 4, 5, 4, 5, 5);
INSERT INTO REVIEW (NO, RESERVE_NO, CONTENT, ACCURACY, CLEAN, CHECKIN, LOCATION, COMMUNICATION)
VALUES (SEQ_REVIEW.NEXTVAL, 76, '주말 여행에 완벽한 숙소였습니다.', 5, 5, 5, 5, 5);
INSERT INTO REVIEW (NO, RESERVE_NO, CONTENT, ACCURACY, CLEAN, CHECKIN, LOCATION, COMMUNICATION)
VALUES (SEQ_REVIEW.NEXTVAL, 77, '호스트가 매우 친절하고 도움을 많이 주셨습니다.', 5, 4, 4, 4, 5);
INSERT INTO REVIEW (NO, RESERVE_NO, CONTENT, ACCURACY, CLEAN, CHECKIN, LOCATION, COMMUNICATION)
VALUES (SEQ_REVIEW.NEXTVAL, 78, '좋은 장소였지만 밤에는 조금 시끄러웠습니다.', 3, 4, 4, 3, 4);
INSERT INTO REVIEW (NO, RESERVE_NO, CONTENT, ACCURACY, CLEAN, CHECKIN, LOCATION, COMMUNICATION)
VALUES (SEQ_REVIEW.NEXTVAL, 79, '즐거운 시간을 보냈습니다. 다시 방문할게요.', 5, 5, 5, 5, 5);
INSERT INTO REVIEW (NO, RESERVE_NO, CONTENT, ACCURACY, CLEAN, CHECKIN, LOCATION, COMMUNICATION)
VALUES (SEQ_REVIEW.NEXTVAL, 80, '방이 기대만큼 깨끗하지 않았습니다.', 2, 2, 3, 3, 3);

-- Room 9 Reviews
INSERT INTO REVIEW (NO, RESERVE_NO, CONTENT, ACCURACY, CLEAN, CHECKIN, LOCATION, COMMUNICATION)
VALUES (SEQ_REVIEW.NEXTVAL, 81, '정말 좋은 숙소입니다. 강력 추천합니다!', 5, 5, 5, 5, 5);
INSERT INTO REVIEW (NO, RESERVE_NO, CONTENT, ACCURACY, CLEAN, CHECKIN, LOCATION, COMMUNICATION)
VALUES (SEQ_REVIEW.NEXTVAL, 82, '방이 깨끗하고 편안했습니다.', 4, 5, 4, 4, 4);
INSERT INTO REVIEW (NO, RESERVE_NO, CONTENT, ACCURACY, CLEAN, CHECKIN, LOCATION, COMMUNICATION)
VALUES (SEQ_REVIEW.NEXTVAL, 83, '훌륭한 위치와 친절한 호스트.', 5, 5, 5, 5, 5);
INSERT INTO REVIEW (NO, RESERVE_NO, CONTENT, ACCURACY, CLEAN, CHECKIN, LOCATION, COMMUNICATION)
VALUES (SEQ_REVIEW.NEXTVAL, 84, '아름다운 산 전망.', 5, 4, 5, 5, 5);
INSERT INTO REVIEW (NO, RESERVE_NO, CONTENT, ACCURACY, CLEAN, CHECKIN, LOCATION, COMMUNICATION)
VALUES (SEQ_REVIEW.NEXTVAL, 85, '아주 아늑하고 깨끗했습니다. 집처럼 느껴졌어요.', 4, 5, 4, 5, 5);
INSERT INTO REVIEW (NO, RESERVE_NO, CONTENT, ACCURACY, CLEAN, CHECKIN, LOCATION, COMMUNICATION)
VALUES (SEQ_REVIEW.NEXTVAL, 86, '주말 여행에 완벽한 숙소였습니다.', 5, 5, 5, 5, 5);
INSERT INTO REVIEW (NO, RESERVE_NO, CONTENT, ACCURACY, CLEAN, CHECKIN, LOCATION, COMMUNICATION)
VALUES (SEQ_REVIEW.NEXTVAL, 87, '호스트가 매우 친절하고 도움을 많이 주셨습니다.', 5, 4, 4, 4, 5);
INSERT INTO REVIEW (NO, RESERVE_NO, CONTENT, ACCURACY, CLEAN, CHECKIN, LOCATION, COMMUNICATION)
VALUES (SEQ_REVIEW.NEXTVAL, 88, '좋은 장소였지만 밤에는 조금 시끄러웠습니다.', 3, 4, 4, 3, 4);
INSERT INTO REVIEW (NO, RESERVE_NO, CONTENT, ACCURACY, CLEAN, CHECKIN, LOCATION, COMMUNICATION)
VALUES (SEQ_REVIEW.NEXTVAL, 89, '즐거운 시간을 보냈습니다. 다시 방문할게요.', 5, 5, 5, 5, 5);
INSERT INTO REVIEW (NO, RESERVE_NO, CONTENT, ACCURACY, CLEAN, CHECKIN, LOCATION, COMMUNICATION)
VALUES (SEQ_REVIEW.NEXTVAL, 90, '방이 기대만큼 깨끗하지 않았습니다.', 2, 2, 3, 3, 3);

-- Room 10 Reviews
INSERT INTO REVIEW (NO, RESERVE_NO, CONTENT, ACCURACY, CLEAN, CHECKIN, LOCATION, COMMUNICATION)
VALUES (SEQ_REVIEW.NEXTVAL, 91, '정말 좋은 숙소입니다. 강력 추천합니다!', 5, 5, 5, 5, 5);
INSERT INTO REVIEW (NO, RESERVE_NO, CONTENT, ACCURACY, CLEAN, CHECKIN, LOCATION, COMMUNICATION)
VALUES (SEQ_REVIEW.NEXTVAL, 92, '방이 깨끗하고 편안했습니다.', 4, 5, 4, 4, 4);
INSERT INTO REVIEW (NO, RESERVE_NO, CONTENT, ACCURACY, CLEAN, CHECKIN, LOCATION, COMMUNICATION)
VALUES (SEQ_REVIEW.NEXTVAL, 93, '훌륭한 위치와 친절한 호스트.', 5, 5, 5, 5, 5);
INSERT INTO REVIEW (NO, RESERVE_NO, CONTENT, ACCURACY, CLEAN, CHECKIN, LOCATION, COMMUNICATION)
VALUES (SEQ_REVIEW.NEXTVAL, 94, '아름다운 산 전망.', 5, 4, 5, 5, 5);
INSERT INTO REVIEW (NO, RESERVE_NO, CONTENT, ACCURACY, CLEAN, CHECKIN, LOCATION, COMMUNICATION)
VALUES (SEQ_REVIEW.NEXTVAL, 95, '아주 아늑하고 깨끗했습니다. 집처럼 느껴졌어요.', 4, 5, 4, 5, 5);
INSERT INTO REVIEW (NO, RESERVE_NO, CONTENT, ACCURACY, CLEAN, CHECKIN, LOCATION, COMMUNICATION)
VALUES (SEQ_REVIEW.NEXTVAL, 96, '주말 여행에 완벽한 숙소였습니다.', 5, 5, 5, 5, 5);
INSERT INTO REVIEW (NO, RESERVE_NO, CONTENT, ACCURACY, CLEAN, CHECKIN, LOCATION, COMMUNICATION)
VALUES (SEQ_REVIEW.NEXTVAL, 97, '호스트가 매우 친절하고 도움을 많이 주셨습니다.', 5, 4, 4, 4, 5);
INSERT INTO REVIEW (NO, RESERVE_NO, CONTENT, ACCURACY, CLEAN, CHECKIN, LOCATION, COMMUNICATION)
VALUES (SEQ_REVIEW.NEXTVAL, 98, '좋은 장소였지만 밤에는 조금 시끄러웠습니다.', 3, 4, 4, 3, 4);
INSERT INTO REVIEW (NO, RESERVE_NO, CONTENT, ACCURACY, CLEAN, CHECKIN, LOCATION, COMMUNICATION)
VALUES (SEQ_REVIEW.NEXTVAL, 99, '즐거운 시간을 보냈습니다. 다시 방문할게요.', 5, 5, 5, 5, 5);
INSERT INTO REVIEW (NO, RESERVE_NO, CONTENT, ACCURACY, CLEAN, CHECKIN, LOCATION, COMMUNICATION)
VALUES (SEQ_REVIEW.NEXTVAL, 100, '방이 기대만큼 깨끗하지 않았습니다.', 2, 2, 3, 3, 3);

-- Room 11 Reviews
INSERT INTO REVIEW (NO, RESERVE_NO, CONTENT, ACCURACY, CLEAN, CHECKIN, LOCATION, COMMUNICATION)
VALUES (SEQ_REVIEW.NEXTVAL, 101, '정말 좋은 숙소입니다. 강력 추천합니다!', 5, 5, 5, 5, 5);
INSERT INTO REVIEW (NO, RESERVE_NO, CONTENT, ACCURACY, CLEAN, CHECKIN, LOCATION, COMMUNICATION)
VALUES (SEQ_REVIEW.NEXTVAL, 102, '방이 깨끗하고 편안했습니다.', 4, 5, 4, 4, 4);
INSERT INTO REVIEW (NO, RESERVE_NO, CONTENT, ACCURACY, CLEAN, CHECKIN, LOCATION, COMMUNICATION)
VALUES (SEQ_REVIEW.NEXTVAL, 103, '훌륭한 위치와 친절한 호스트.', 5, 5, 5, 5, 5);
INSERT INTO REVIEW (NO, RESERVE_NO, CONTENT, ACCURACY, CLEAN, CHECKIN, LOCATION, COMMUNICATION)
VALUES (SEQ_REVIEW.NEXTVAL, 104, '아름다운 산 전망.', 5, 4, 5, 5, 5);
INSERT INTO REVIEW (NO, RESERVE_NO, CONTENT, ACCURACY, CLEAN, CHECKIN, LOCATION, COMMUNICATION)
VALUES (SEQ_REVIEW.NEXTVAL, 105, '아주 아늑하고 깨끗했습니다. 집처럼 느껴졌어요.', 4, 5, 4, 5, 5);
INSERT INTO REVIEW (NO, RESERVE_NO, CONTENT, ACCURACY, CLEAN, CHECKIN, LOCATION, COMMUNICATION)
VALUES (SEQ_REVIEW.NEXTVAL, 106, '주말 여행에 완벽한 숙소였습니다.', 5, 5, 5, 5, 5);
INSERT INTO REVIEW (NO, RESERVE_NO, CONTENT, ACCURACY, CLEAN, CHECKIN, LOCATION, COMMUNICATION)
VALUES (SEQ_REVIEW.NEXTVAL, 107, '호스트가 매우 친절하고 도움을 많이 주셨습니다.', 5, 4, 4, 4, 5);
INSERT INTO REVIEW (NO, RESERVE_NO, CONTENT, ACCURACY, CLEAN, CHECKIN, LOCATION, COMMUNICATION)
VALUES (SEQ_REVIEW.NEXTVAL, 108, '좋은 장소였지만 밤에는 조금 시끄러웠습니다.', 3, 4, 4, 3, 4);
INSERT INTO REVIEW (NO, RESERVE_NO, CONTENT, ACCURACY, CLEAN, CHECKIN, LOCATION, COMMUNICATION)
VALUES (SEQ_REVIEW.NEXTVAL, 109, '즐거운 시간을 보냈습니다. 다시 방문할게요.', 5, 5, 5, 5, 5);
INSERT INTO REVIEW (NO, RESERVE_NO, CONTENT, ACCURACY, CLEAN, CHECKIN, LOCATION, COMMUNICATION)
VALUES (SEQ_REVIEW.NEXTVAL, 110, '방이 기대만큼 깨끗하지 않았습니다.', 2, 2, 3, 3, 3);

-- Room 12 Reviews
INSERT INTO REVIEW (NO, RESERVE_NO, CONTENT, ACCURACY, CLEAN, CHECKIN, LOCATION, COMMUNICATION)
VALUES (SEQ_REVIEW.NEXTVAL, 111, '정말 좋은 숙소입니다. 강력 추천합니다!', 5, 5, 5, 5, 5);
INSERT INTO REVIEW (NO, RESERVE_NO, CONTENT, ACCURACY, CLEAN, CHECKIN, LOCATION, COMMUNICATION)
VALUES (SEQ_REVIEW.NEXTVAL, 112, '방이 깨끗하고 편안했습니다.', 4, 5, 4, 4, 4);
INSERT INTO REVIEW (NO, RESERVE_NO, CONTENT, ACCURACY, CLEAN, CHECKIN, LOCATION, COMMUNICATION)
VALUES (SEQ_REVIEW.NEXTVAL, 113, '훌륭한 위치와 친절한 호스트.', 5, 5, 5, 5, 5);
INSERT INTO REVIEW (NO, RESERVE_NO, CONTENT, ACCURACY, CLEAN, CHECKIN, LOCATION, COMMUNICATION)
VALUES (SEQ_REVIEW.NEXTVAL, 114, '아름다운 산 전망.', 5, 4, 5, 5, 5);
INSERT INTO REVIEW (NO, RESERVE_NO, CONTENT, ACCURACY, CLEAN, CHECKIN, LOCATION, COMMUNICATION)
VALUES (SEQ_REVIEW.NEXTVAL, 115, '아주 아늑하고 깨끗했습니다. 집처럼 느껴졌어요.', 4, 5, 4, 5, 5);
INSERT INTO REVIEW (NO, RESERVE_NO, CONTENT, ACCURACY, CLEAN, CHECKIN, LOCATION, COMMUNICATION)
VALUES (SEQ_REVIEW.NEXTVAL, 116, '주말 여행에 완벽한 숙소였습니다.', 5, 5, 5, 5, 5);
INSERT INTO REVIEW (NO, RESERVE_NO, CONTENT, ACCURACY, CLEAN, CHECKIN, LOCATION, COMMUNICATION)
VALUES (SEQ_REVIEW.NEXTVAL, 117, '호스트가 매우 친절하고 도움을 많이 주셨습니다.', 5, 4, 4, 4, 5);
INSERT INTO REVIEW (NO, RESERVE_NO, CONTENT, ACCURACY, CLEAN, CHECKIN, LOCATION, COMMUNICATION)
VALUES (SEQ_REVIEW.NEXTVAL, 118, '좋은 장소였지만 밤에는 조금 시끄러웠습니다.', 3, 4, 4, 3, 4);
INSERT INTO REVIEW (NO, RESERVE_NO, CONTENT, ACCURACY, CLEAN, CHECKIN, LOCATION, COMMUNICATION)
VALUES (SEQ_REVIEW.NEXTVAL, 119, '즐거운 시간을 보냈습니다. 다시 방문할게요.', 5, 5, 5, 5, 5);
INSERT INTO REVIEW (NO, RESERVE_NO, CONTENT, ACCURACY, CLEAN, CHECKIN, LOCATION, COMMUNICATION)
VALUES (SEQ_REVIEW.NEXTVAL, 120, '방이 기대만큼 깨끗하지 않았습니다.', 2, 2, 3, 3, 3);

-- Room 13 Reviews
INSERT INTO REVIEW (NO, RESERVE_NO, CONTENT, ACCURACY, CLEAN, CHECKIN, LOCATION, COMMUNICATION)
VALUES (SEQ_REVIEW.NEXTVAL, 121, '정말 좋은 숙소입니다. 강력 추천합니다!', 5, 5, 5, 5, 5);
INSERT INTO REVIEW (NO, RESERVE_NO, CONTENT, ACCURACY, CLEAN, CHECKIN, LOCATION, COMMUNICATION)
VALUES (SEQ_REVIEW.NEXTVAL, 122, '방이 깨끗하고 편안했습니다.', 4, 5, 4, 4, 4);
INSERT INTO REVIEW (NO, RESERVE_NO, CONTENT, ACCURACY, CLEAN, CHECKIN, LOCATION, COMMUNICATION)
VALUES (SEQ_REVIEW.NEXTVAL, 123, '훌륭한 위치와 친절한 호스트.', 5, 5, 5, 5, 5);
INSERT INTO REVIEW (NO, RESERVE_NO, CONTENT, ACCURACY, CLEAN, CHECKIN, LOCATION, COMMUNICATION)
VALUES (SEQ_REVIEW.NEXTVAL, 124, '아름다운 산 전망.', 5, 4, 5, 5, 5);
INSERT INTO REVIEW (NO, RESERVE_NO, CONTENT, ACCURACY, CLEAN, CHECKIN, LOCATION, COMMUNICATION)
VALUES (SEQ_REVIEW.NEXTVAL, 125, '아주 아늑하고 깨끗했습니다. 집처럼 느껴졌어요.', 4, 5, 4, 5, 5);
INSERT INTO REVIEW (NO, RESERVE_NO, CONTENT, ACCURACY, CLEAN, CHECKIN, LOCATION, COMMUNICATION)
VALUES (SEQ_REVIEW.NEXTVAL, 126, '주말 여행에 완벽한 숙소였습니다.', 5, 5, 5, 5, 5);
INSERT INTO REVIEW (NO, RESERVE_NO, CONTENT, ACCURACY, CLEAN, CHECKIN, LOCATION, COMMUNICATION)
VALUES (SEQ_REVIEW.NEXTVAL, 127, '호스트가 매우 친절하고 도움을 많이 주셨습니다.', 5, 4, 4, 4, 5);
INSERT INTO REVIEW (NO, RESERVE_NO, CONTENT, ACCURACY, CLEAN, CHECKIN, LOCATION, COMMUNICATION)
VALUES (SEQ_REVIEW.NEXTVAL, 128, '좋은 장소였지만 밤에는 조금 시끄러웠습니다.', 3, 4, 4, 3, 4);
INSERT INTO REVIEW (NO, RESERVE_NO, CONTENT, ACCURACY, CLEAN, CHECKIN, LOCATION, COMMUNICATION)
VALUES (SEQ_REVIEW.NEXTVAL, 129, '즐거운 시간을 보냈습니다. 다시 방문할게요.', 5, 5, 5, 5, 5);
INSERT INTO REVIEW (NO, RESERVE_NO, CONTENT, ACCURACY, CLEAN, CHECKIN, LOCATION, COMMUNICATION)
VALUES (SEQ_REVIEW.NEXTVAL, 130, '방이 기대만큼 깨끗하지 않았습니다.', 2, 2, 3, 3, 3);

-- Room 14 Reviews
INSERT INTO REVIEW (NO, RESERVE_NO, CONTENT, ACCURACY, CLEAN, CHECKIN, LOCATION, COMMUNICATION)
VALUES (SEQ_REVIEW.NEXTVAL, 131, '정말 좋은 숙소입니다. 강력 추천합니다!', 5, 5, 5, 5, 5);
INSERT INTO REVIEW (NO, RESERVE_NO, CONTENT, ACCURACY, CLEAN, CHECKIN, LOCATION, COMMUNICATION)
VALUES (SEQ_REVIEW.NEXTVAL, 132, '방이 깨끗하고 편안했습니다.', 4, 5, 4, 4, 4);
INSERT INTO REVIEW (NO, RESERVE_NO, CONTENT, ACCURACY, CLEAN, CHECKIN, LOCATION, COMMUNICATION)
VALUES (SEQ_REVIEW.NEXTVAL, 133, '훌륭한 위치와 친절한 호스트.', 5, 5, 5, 5, 5);
INSERT INTO REVIEW (NO, RESERVE_NO, CONTENT, ACCURACY, CLEAN, CHECKIN, LOCATION, COMMUNICATION)
VALUES (SEQ_REVIEW.NEXTVAL, 134, '아름다운 산 전망.', 5, 4, 5, 5, 5);
INSERT INTO REVIEW (NO, RESERVE_NO, CONTENT, ACCURACY, CLEAN, CHECKIN, LOCATION, COMMUNICATION)
VALUES (SEQ_REVIEW.NEXTVAL, 135, '아주 아늑하고 깨끗했습니다. 집처럼 느껴졌어요.', 4, 5, 4, 5, 5);
INSERT INTO REVIEW (NO, RESERVE_NO, CONTENT, ACCURACY, CLEAN, CHECKIN, LOCATION, COMMUNICATION)
VALUES (SEQ_REVIEW.NEXTVAL, 136, '주말 여행에 완벽한 숙소였습니다.', 5, 5, 5, 5, 5);
INSERT INTO REVIEW (NO, RESERVE_NO, CONTENT, ACCURACY, CLEAN, CHECKIN, LOCATION, COMMUNICATION)
VALUES (SEQ_REVIEW.NEXTVAL, 137, '호스트가 매우 친절하고 도움을 많이 주셨습니다.', 5, 4, 4, 4, 5);
INSERT INTO REVIEW (NO, RESERVE_NO, CONTENT, ACCURACY, CLEAN, CHECKIN, LOCATION, COMMUNICATION)
VALUES (SEQ_REVIEW.NEXTVAL, 138, '좋은 장소였지만 밤에는 조금 시끄러웠습니다.', 3, 4, 4, 3, 4);
INSERT INTO REVIEW (NO, RESERVE_NO, CONTENT, ACCURACY, CLEAN, CHECKIN, LOCATION, COMMUNICATION)
VALUES (SEQ_REVIEW.NEXTVAL, 139, '즐거운 시간을 보냈습니다. 다시 방문할게요.', 5, 5, 5, 5, 5);
INSERT INTO REVIEW (NO, RESERVE_NO, CONTENT, ACCURACY, CLEAN, CHECKIN, LOCATION, COMMUNICATION)
VALUES (SEQ_REVIEW.NEXTVAL, 140, '방이 기대만큼 깨끗하지 않았습니다.', 2, 2, 3, 3, 3);

-- Room 15 Reviews
INSERT INTO REVIEW (NO, RESERVE_NO, CONTENT, ACCURACY, CLEAN, CHECKIN, LOCATION, COMMUNICATION)
VALUES (SEQ_REVIEW.NEXTVAL, 141, '정말 좋은 숙소입니다. 강력 추천합니다!', 5, 5, 5, 5, 5);
INSERT INTO REVIEW (NO, RESERVE_NO, CONTENT, ACCURACY, CLEAN, CHECKIN, LOCATION, COMMUNICATION)
VALUES (SEQ_REVIEW.NEXTVAL, 142, '방이 깨끗하고 편안했습니다.', 4, 5, 4, 4, 4);
INSERT INTO REVIEW (NO, RESERVE_NO, CONTENT, ACCURACY, CLEAN, CHECKIN, LOCATION, COMMUNICATION)
VALUES (SEQ_REVIEW.NEXTVAL, 143, '훌륭한 위치와 친절한 호스트.', 5, 5, 5, 5, 5);
INSERT INTO REVIEW (NO, RESERVE_NO, CONTENT, ACCURACY, CLEAN, CHECKIN, LOCATION, COMMUNICATION)
VALUES (SEQ_REVIEW.NEXTVAL, 144, '아름다운 산 전망.', 5, 4, 5, 5, 5);
INSERT INTO REVIEW (NO, RESERVE_NO, CONTENT, ACCURACY, CLEAN, CHECKIN, LOCATION, COMMUNICATION)
VALUES (SEQ_REVIEW.NEXTVAL, 145, '아주 아늑하고 깨끗했습니다. 집처럼 느껴졌어요.', 4, 5, 4, 5, 5);
INSERT INTO REVIEW (NO, RESERVE_NO, CONTENT, ACCURACY, CLEAN, CHECKIN, LOCATION, COMMUNICATION)
VALUES (SEQ_REVIEW.NEXTVAL, 146, '주말 여행에 완벽한 숙소였습니다.', 5, 5, 5, 5, 5);
INSERT INTO REVIEW (NO, RESERVE_NO, CONTENT, ACCURACY, CLEAN, CHECKIN, LOCATION, COMMUNICATION)
VALUES (SEQ_REVIEW.NEXTVAL, 147, '호스트가 매우 친절하고 도움을 많이 주셨습니다.', 5, 4, 4, 4, 5);
INSERT INTO REVIEW (NO, RESERVE_NO, CONTENT, ACCURACY, CLEAN, CHECKIN, LOCATION, COMMUNICATION)
VALUES (SEQ_REVIEW.NEXTVAL, 148, '좋은 장소였지만 밤에는 조금 시끄러웠습니다.', 3, 4, 4, 3, 4);
INSERT INTO REVIEW (NO, RESERVE_NO, CONTENT, ACCURACY, CLEAN, CHECKIN, LOCATION, COMMUNICATION)
VALUES (SEQ_REVIEW.NEXTVAL, 149, '즐거운 시간을 보냈습니다. 다시 방문할게요.', 5, 5, 5, 5, 5);
INSERT INTO REVIEW (NO, RESERVE_NO, CONTENT, ACCURACY, CLEAN, CHECKIN, LOCATION, COMMUNICATION)
VALUES (SEQ_REVIEW.NEXTVAL, 150, '방이 기대만큼 깨끗하지 않았습니다.', 2, 2, 3, 3, 3);

-- Room 16 Reviews
INSERT INTO REVIEW (NO, RESERVE_NO, CONTENT, ACCURACY, CLEAN, CHECKIN, LOCATION, COMMUNICATION)
VALUES (SEQ_REVIEW.NEXTVAL, 151, '정말 좋은 숙소입니다. 강력 추천합니다!', 5, 5, 5, 5, 5);
INSERT INTO REVIEW (NO, RESERVE_NO, CONTENT, ACCURACY, CLEAN, CHECKIN, LOCATION, COMMUNICATION)
VALUES (SEQ_REVIEW.NEXTVAL, 152, '방이 깨끗하고 편안했습니다.', 4, 5, 4, 4, 4);
INSERT INTO REVIEW (NO, RESERVE_NO, CONTENT, ACCURACY, CLEAN, CHECKIN, LOCATION, COMMUNICATION)
VALUES (SEQ_REVIEW.NEXTVAL, 153, '훌륭한 위치와 친절한 호스트.', 5, 5, 5, 5, 5);
INSERT INTO REVIEW (NO, RESERVE_NO, CONTENT, ACCURACY, CLEAN, CHECKIN, LOCATION, COMMUNICATION)
VALUES (SEQ_REVIEW.NEXTVAL, 154, '아름다운 산 전망.', 5, 4, 5, 5, 5);
INSERT INTO REVIEW (NO, RESERVE_NO, CONTENT, ACCURACY, CLEAN, CHECKIN, LOCATION, COMMUNICATION)
VALUES (SEQ_REVIEW.NEXTVAL, 155, '아주 아늑하고 깨끗했습니다. 집처럼 느껴졌어요.', 4, 5, 4, 5, 5);
INSERT INTO REVIEW (NO, RESERVE_NO, CONTENT, ACCURACY, CLEAN, CHECKIN, LOCATION, COMMUNICATION)
VALUES (SEQ_REVIEW.NEXTVAL, 156, '주말 여행에 완벽한 숙소였습니다.', 5, 5, 5, 5, 5);
INSERT INTO REVIEW (NO, RESERVE_NO, CONTENT, ACCURACY, CLEAN, CHECKIN, LOCATION, COMMUNICATION)
VALUES (SEQ_REVIEW.NEXTVAL, 157, '호스트가 매우 친절하고 도움을 많이 주셨습니다.', 5, 4, 4, 4, 5);
INSERT INTO REVIEW (NO, RESERVE_NO, CONTENT, ACCURACY, CLEAN, CHECKIN, LOCATION, COMMUNICATION)
VALUES (SEQ_REVIEW.NEXTVAL, 158, '좋은 장소였지만 밤에는 조금 시끄러웠습니다.', 3, 4, 4, 3, 4);
INSERT INTO REVIEW (NO, RESERVE_NO, CONTENT, ACCURACY, CLEAN, CHECKIN, LOCATION, COMMUNICATION)
VALUES (SEQ_REVIEW.NEXTVAL, 159, '즐거운 시간을 보냈습니다. 다시 방문할게요.', 5, 5, 5, 5, 5);
INSERT INTO REVIEW (NO, RESERVE_NO, CONTENT, ACCURACY, CLEAN, CHECKIN, LOCATION, COMMUNICATION)
VALUES (SEQ_REVIEW.NEXTVAL, 160, '방이 기대만큼 깨끗하지 않았습니다.', 2, 2, 3, 3, 3);

-- Room 17 Reviews
INSERT INTO REVIEW (NO, RESERVE_NO, CONTENT, ACCURACY, CLEAN, CHECKIN, LOCATION, COMMUNICATION)
VALUES (SEQ_REVIEW.NEXTVAL, 161, '정말 좋은 숙소입니다. 강력 추천합니다!', 5, 5, 5, 5, 5);
INSERT INTO REVIEW (NO, RESERVE_NO, CONTENT, ACCURACY, CLEAN, CHECKIN, LOCATION, COMMUNICATION)
VALUES (SEQ_REVIEW.NEXTVAL, 162, '방이 깨끗하고 편안했습니다.', 4, 5, 4, 4, 4);
INSERT INTO REVIEW (NO, RESERVE_NO, CONTENT, ACCURACY, CLEAN, CHECKIN, LOCATION, COMMUNICATION)
VALUES (SEQ_REVIEW.NEXTVAL, 163, '훌륭한 위치와 친절한 호스트.', 5, 5, 5, 5, 5);
INSERT INTO REVIEW (NO, RESERVE_NO, CONTENT, ACCURACY, CLEAN, CHECKIN, LOCATION, COMMUNICATION)
VALUES (SEQ_REVIEW.NEXTVAL, 164, '아름다운 산 전망.', 5, 4, 5, 5, 5);
INSERT INTO REVIEW (NO, RESERVE_NO, CONTENT, ACCURACY, CLEAN, CHECKIN, LOCATION, COMMUNICATION)
VALUES (SEQ_REVIEW.NEXTVAL, 165, '아주 아늑하고 깨끗했습니다. 집처럼 느껴졌어요.', 4, 5, 4, 5, 5);
INSERT INTO REVIEW (NO, RESERVE_NO, CONTENT, ACCURACY, CLEAN, CHECKIN, LOCATION, COMMUNICATION)
VALUES (SEQ_REVIEW.NEXTVAL, 166, '주말 여행에 완벽한 숙소였습니다.', 5, 5, 5, 5, 5);
INSERT INTO REVIEW (NO, RESERVE_NO, CONTENT, ACCURACY, CLEAN, CHECKIN, LOCATION, COMMUNICATION)
VALUES (SEQ_REVIEW.NEXTVAL, 167, '호스트가 매우 친절하고 도움을 많이 주셨습니다.', 5, 4, 4, 4, 5);
INSERT INTO REVIEW (NO, RESERVE_NO, CONTENT, ACCURACY, CLEAN, CHECKIN, LOCATION, COMMUNICATION)
VALUES (SEQ_REVIEW.NEXTVAL, 168, '좋은 장소였지만 밤에는 조금 시끄러웠습니다.', 3, 4, 4, 3, 4);
INSERT INTO REVIEW (NO, RESERVE_NO, CONTENT, ACCURACY, CLEAN, CHECKIN, LOCATION, COMMUNICATION)
VALUES (SEQ_REVIEW.NEXTVAL, 169, '즐거운 시간을 보냈습니다. 다시 방문할게요.', 5, 5, 5, 5, 5);
INSERT INTO REVIEW (NO, RESERVE_NO, CONTENT, ACCURACY, CLEAN, CHECKIN, LOCATION, COMMUNICATION)
VALUES (SEQ_REVIEW.NEXTVAL, 170, '방이 기대만큼 깨끗하지 않았습니다.', 2, 2, 3, 3, 3);

-- Room 18 Reviews
INSERT INTO REVIEW (NO, RESERVE_NO, CONTENT, ACCURACY, CLEAN, CHECKIN, LOCATION, COMMUNICATION)
VALUES (SEQ_REVIEW.NEXTVAL, 171, '정말 좋은 숙소입니다. 강력 추천합니다!', 5, 5, 5, 5, 5);
INSERT INTO REVIEW (NO, RESERVE_NO, CONTENT, ACCURACY, CLEAN, CHECKIN, LOCATION, COMMUNICATION)
VALUES (SEQ_REVIEW.NEXTVAL, 172, '방이 깨끗하고 편안했습니다.', 4, 5, 4, 4, 4);
INSERT INTO REVIEW (NO, RESERVE_NO, CONTENT, ACCURACY, CLEAN, CHECKIN, LOCATION, COMMUNICATION)
VALUES (SEQ_REVIEW.NEXTVAL, 173, '훌륭한 위치와 친절한 호스트.', 5, 5, 5, 5, 5);
INSERT INTO REVIEW (NO, RESERVE_NO, CONTENT, ACCURACY, CLEAN, CHECKIN, LOCATION, COMMUNICATION)
VALUES (SEQ_REVIEW.NEXTVAL, 174, '아름다운 산 전망.', 5, 4, 5, 5, 5);
INSERT INTO REVIEW (NO, RESERVE_NO, CONTENT, ACCURACY, CLEAN, CHECKIN, LOCATION, COMMUNICATION)
VALUES (SEQ_REVIEW.NEXTVAL, 175, '아주 아늑하고 깨끗했습니다. 집처럼 느껴졌어요.', 4, 5, 4, 5, 5);
INSERT INTO REVIEW (NO, RESERVE_NO, CONTENT, ACCURACY, CLEAN, CHECKIN, LOCATION, COMMUNICATION)
VALUES (SEQ_REVIEW.NEXTVAL, 176, '주말 여행에 완벽한 숙소였습니다.', 5, 5, 5, 5, 5);
INSERT INTO REVIEW (NO, RESERVE_NO, CONTENT, ACCURACY, CLEAN, CHECKIN, LOCATION, COMMUNICATION)
VALUES (SEQ_REVIEW.NEXTVAL, 177, '호스트가 매우 친절하고 도움을 많이 주셨습니다.', 5, 4, 4, 4, 5);
INSERT INTO REVIEW (NO, RESERVE_NO, CONTENT, ACCURACY, CLEAN, CHECKIN, LOCATION, COMMUNICATION)
VALUES (SEQ_REVIEW.NEXTVAL, 178, '좋은 장소였지만 밤에는 조금 시끄러웠습니다.', 3, 4, 4, 3, 4);
INSERT INTO REVIEW (NO, RESERVE_NO, CONTENT, ACCURACY, CLEAN, CHECKIN, LOCATION, COMMUNICATION)
VALUES (SEQ_REVIEW.NEXTVAL, 179, '즐거운 시간을 보냈습니다. 다시 방문할게요.', 5, 5, 5, 5, 5);
INSERT INTO REVIEW (NO, RESERVE_NO, CONTENT, ACCURACY, CLEAN, CHECKIN, LOCATION, COMMUNICATION)
VALUES (SEQ_REVIEW.NEXTVAL, 180, '방이 기대만큼 깨끗하지 않았습니다.', 2, 2, 3, 3, 3);

-- Room 19 Reviews
INSERT INTO REVIEW (NO, RESERVE_NO, CONTENT, ACCURACY, CLEAN, CHECKIN, LOCATION, COMMUNICATION)
VALUES (SEQ_REVIEW.NEXTVAL, 181, '정말 좋은 숙소입니다. 강력 추천합니다!', 5, 5, 5, 5, 5);
INSERT INTO REVIEW (NO, RESERVE_NO, CONTENT, ACCURACY, CLEAN, CHECKIN, LOCATION, COMMUNICATION)
VALUES (SEQ_REVIEW.NEXTVAL, 182, '방이 깨끗하고 편안했습니다.', 4, 5, 4, 4, 4);
INSERT INTO REVIEW (NO, RESERVE_NO, CONTENT, ACCURACY, CLEAN, CHECKIN, LOCATION, COMMUNICATION)
VALUES (SEQ_REVIEW.NEXTVAL, 183, '훌륭한 위치와 친절한 호스트.', 5, 5, 5, 5, 5);
INSERT INTO REVIEW (NO, RESERVE_NO, CONTENT, ACCURACY, CLEAN, CHECKIN, LOCATION, COMMUNICATION)
VALUES (SEQ_REVIEW.NEXTVAL, 184, '아름다운 산 전망.', 5, 4, 5, 5, 5);
INSERT INTO REVIEW (NO, RESERVE_NO, CONTENT, ACCURACY, CLEAN, CHECKIN, LOCATION, COMMUNICATION)
VALUES (SEQ_REVIEW.NEXTVAL, 185, '아주 아늑하고 깨끗했습니다. 집처럼 느껴졌어요.', 4, 5, 4, 5, 5);
INSERT INTO REVIEW (NO, RESERVE_NO, CONTENT, ACCURACY, CLEAN, CHECKIN, LOCATION, COMMUNICATION)
VALUES (SEQ_REVIEW.NEXTVAL, 186, '주말 여행에 완벽한 숙소였습니다.', 5, 5, 5, 5, 5);
INSERT INTO REVIEW (NO, RESERVE_NO, CONTENT, ACCURACY, CLEAN, CHECKIN, LOCATION, COMMUNICATION)
VALUES (SEQ_REVIEW.NEXTVAL, 187, '호스트가 매우 친절하고 도움을 많이 주셨습니다.', 5, 4, 4, 4, 5);
INSERT INTO REVIEW (NO, RESERVE_NO, CONTENT, ACCURACY, CLEAN, CHECKIN, LOCATION, COMMUNICATION)
VALUES (SEQ_REVIEW.NEXTVAL, 188, '좋은 장소였지만 밤에는 조금 시끄러웠습니다.', 3, 4, 4, 3, 4);
INSERT INTO REVIEW (NO, RESERVE_NO, CONTENT, ACCURACY, CLEAN, CHECKIN, LOCATION, COMMUNICATION)
VALUES (SEQ_REVIEW.NEXTVAL, 189, '즐거운 시간을 보냈습니다. 다시 방문할게요.', 5, 5, 5, 5, 5);
INSERT INTO REVIEW (NO, RESERVE_NO, CONTENT, ACCURACY, CLEAN, CHECKIN, LOCATION, COMMUNICATION)
VALUES (SEQ_REVIEW.NEXTVAL, 190, '방이 기대만큼 깨끗하지 않았습니다.', 2, 2, 3, 3, 3);

-- Room 20 Reviews
INSERT INTO REVIEW (NO, RESERVE_NO, CONTENT, ACCURACY, CLEAN, CHECKIN, LOCATION, COMMUNICATION)
VALUES (SEQ_REVIEW.NEXTVAL, 191, '정말 좋은 숙소입니다. 강력 추천합니다!', 5, 5, 5, 5, 5);
INSERT INTO REVIEW (NO, RESERVE_NO, CONTENT, ACCURACY, CLEAN, CHECKIN, LOCATION, COMMUNICATION)
VALUES (SEQ_REVIEW.NEXTVAL, 192, '방이 깨끗하고 편안했습니다.', 4, 5, 4, 4, 4);
INSERT INTO REVIEW (NO, RESERVE_NO, CONTENT, ACCURACY, CLEAN, CHECKIN, LOCATION, COMMUNICATION)
VALUES (SEQ_REVIEW.NEXTVAL, 193, '훌륭한 위치와 친절한 호스트.', 5, 5, 5, 5, 5);
INSERT INTO REVIEW (NO, RESERVE_NO, CONTENT, ACCURACY, CLEAN, CHECKIN, LOCATION, COMMUNICATION)
VALUES (SEQ_REVIEW.NEXTVAL, 194, '아름다운 산 전망.', 5, 4, 5, 5, 5);
INSERT INTO REVIEW (NO, RESERVE_NO, CONTENT, ACCURACY, CLEAN, CHECKIN, LOCATION, COMMUNICATION)
VALUES (SEQ_REVIEW.NEXTVAL, 195, '아주 아늑하고 깨끗했습니다. 집처럼 느껴졌어요.', 4, 5, 4, 5, 5);
INSERT INTO REVIEW (NO, RESERVE_NO, CONTENT, ACCURACY, CLEAN, CHECKIN, LOCATION, COMMUNICATION)
VALUES (SEQ_REVIEW.NEXTVAL, 196, '주말 여행에 완벽한 숙소였습니다.', 5, 5, 5, 5, 5);
INSERT INTO REVIEW (NO, RESERVE_NO, CONTENT, ACCURACY, CLEAN, CHECKIN, LOCATION, COMMUNICATION)
VALUES (SEQ_REVIEW.NEXTVAL, 197, '호스트가 매우 친절하고 도움을 많이 주셨습니다.', 5, 4, 4, 4, 5);
INSERT INTO REVIEW (NO, RESERVE_NO, CONTENT, ACCURACY, CLEAN, CHECKIN, LOCATION, COMMUNICATION)
VALUES (SEQ_REVIEW.NEXTVAL, 198, '좋은 장소였지만 밤에는 조금 시끄러웠습니다.', 3, 4, 4, 3, 4);
INSERT INTO REVIEW (NO, RESERVE_NO, CONTENT, ACCURACY, CLEAN, CHECKIN, LOCATION, COMMUNICATION)
VALUES (SEQ_REVIEW.NEXTVAL, 199, '즐거운 시간을 보냈습니다. 다시 방문할게요.', 5, 5, 5, 5, 5);
INSERT INTO REVIEW (NO, RESERVE_NO, CONTENT, ACCURACY, CLEAN, CHECKIN, LOCATION, COMMUNICATION)
VALUES (SEQ_REVIEW.NEXTVAL, 200, '방이 기대만큼 깨끗하지 않았습니다.', 2, 2, 3, 3, 3);



----- FAQ -----
INSERT INTO FAQ (NO, TITLE, CONTENT)
VALUES (SEQ_FAQ.NEXTVAL, 'title01', 'content01');

INSERT INTO FAQ (NO, TITLE, CONTENT)
VALUES (SEQ_FAQ.NEXTVAL, 'title02', 'content02');

INSERT INTO FAQ (NO, TITLE, CONTENT)
VALUES (SEQ_FAQ.NEXTVAL, 'title03', 'content03');



----- QNA -----
INSERT INTO QNA (NO, ROOM_NO, WRITER_NO, TITLE, CONTENT)
VALUES (SEQ_QNA.NEXTVAL, 1, 1, 'title01', 'content01');

INSERT INTO QNA (NO, ROOM_NO, WRITER_NO, TITLE, CONTENT)
VALUES (SEQ_QNA.NEXTVAL, 2, 1, 'title02', 'content02');

INSERT INTO QNA (NO, ROOM_NO, WRITER_NO, TITLE, CONTENT)
VALUES (SEQ_QNA.NEXTVAL, 1, 2, 'title03', 'content03');

INSERT INTO QNA (NO, ROOM_NO, WRITER_NO, TITLE, CONTENT)
VALUES (SEQ_QNA.NEXTVAL, 2, 2, 'title04', 'content04');

INSERT INTO QNA (NO, ROOM_NO, WRITER_NO, TITLE, CONTENT)
VALUES (SEQ_QNA.NEXTVAL, 1, 3, 'title05', 'content05');

INSERT INTO QNA (NO, ROOM_NO, WRITER_NO, TITLE, CONTENT)
VALUES (SEQ_QNA.NEXTVAL, 2, 3, 'title06', 'content06');



COMMIT;



----- ROOM_ATTACHMENT -----
-- 숙소 1
INSERT INTO ROOM_ATTACHMENT(NO, REF_NO, CHANGE_NAME)
VALUES(SEQ_ROOM_ATTACHMENT.NEXTVAL, 1, 'lakeRoom1.jpg');
INSERT INTO ROOM_ATTACHMENT(NO, REF_NO, CHANGE_NAME)
VALUES(SEQ_ROOM_ATTACHMENT.NEXTVAL, 1, 'lakeRoom2.jpg');
INSERT INTO ROOM_ATTACHMENT(NO, REF_NO, CHANGE_NAME)
VALUES(SEQ_ROOM_ATTACHMENT.NEXTVAL, 1, 'lakeRoom3.jpg');
INSERT INTO ROOM_ATTACHMENT(NO, REF_NO, CHANGE_NAME)
VALUES(SEQ_ROOM_ATTACHMENT.NEXTVAL, 1, 'lakeRoom4.jpg');
INSERT INTO ROOM_ATTACHMENT(NO, REF_NO, CHANGE_NAME)
VALUES(SEQ_ROOM_ATTACHMENT.NEXTVAL, 1, 'lakeRoom5.jpg');

INSERT INTO ROOM_ATTACHMENT(NO, REF_NO, CHANGE_NAME)
VALUES(SEQ_ROOM_ATTACHMENT.NEXTVAL, 2, 'lakeRoom(2)1.jpg');
INSERT INTO ROOM_ATTACHMENT(NO, REF_NO, CHANGE_NAME)
VALUES(SEQ_ROOM_ATTACHMENT.NEXTVAL, 2, 'lakeRoom(2)2.jpg');
INSERT INTO ROOM_ATTACHMENT(NO, REF_NO, CHANGE_NAME)
VALUES(SEQ_ROOM_ATTACHMENT.NEXTVAL, 2, 'lakeRoom(2)3.jpg');
INSERT INTO ROOM_ATTACHMENT(NO, REF_NO, CHANGE_NAME)
VALUES(SEQ_ROOM_ATTACHMENT.NEXTVAL, 2, 'lakeRoom(2)4.jpg');
INSERT INTO ROOM_ATTACHMENT(NO, REF_NO, CHANGE_NAME)
VALUES(SEQ_ROOM_ATTACHMENT.NEXTVAL, 2, 'lakeRoom(2)5.jpg');

-- 숙소 2
INSERT INTO ROOM_ATTACHMENT(NO, REF_NO, CHANGE_NAME)
VALUES(SEQ_ROOM_ATTACHMENT.NEXTVAL, 3, 'pianoRoom1.jpg');
INSERT INTO ROOM_ATTACHMENT(NO, REF_NO, CHANGE_NAME)
VALUES(SEQ_ROOM_ATTACHMENT.NEXTVAL, 3, 'pianoRoom2.jpg');
INSERT INTO ROOM_ATTACHMENT(NO, REF_NO, CHANGE_NAME)
VALUES(SEQ_ROOM_ATTACHMENT.NEXTVAL, 3, 'pianoRoom3.jpg');
INSERT INTO ROOM_ATTACHMENT(NO, REF_NO, CHANGE_NAME)
VALUES(SEQ_ROOM_ATTACHMENT.NEXTVAL, 3, 'pianoRoom4.jpg');
INSERT INTO ROOM_ATTACHMENT(NO, REF_NO, CHANGE_NAME)
VALUES(SEQ_ROOM_ATTACHMENT.NEXTVAL, 3, 'pianoRoom5.jpg');

INSERT INTO ROOM_ATTACHMENT(NO, REF_NO, CHANGE_NAME)
VALUES(SEQ_ROOM_ATTACHMENT.NEXTVAL, 4, 'kidsRoom1.jpg');
INSERT INTO ROOM_ATTACHMENT(NO, REF_NO, CHANGE_NAME)
VALUES(SEQ_ROOM_ATTACHMENT.NEXTVAL, 4, 'kidsRoom2.jpg');
INSERT INTO ROOM_ATTACHMENT(NO, REF_NO, CHANGE_NAME)
VALUES(SEQ_ROOM_ATTACHMENT.NEXTVAL, 4, 'kidsRoom3.jpg');
INSERT INTO ROOM_ATTACHMENT(NO, REF_NO, CHANGE_NAME)
VALUES(SEQ_ROOM_ATTACHMENT.NEXTVAL, 4, 'kidsRoom4.jpg');
INSERT INTO ROOM_ATTACHMENT(NO, REF_NO, CHANGE_NAME)
VALUES(SEQ_ROOM_ATTACHMENT.NEXTVAL, 4, 'kidsRoom5.jpg');

-- 숙소 3
INSERT INTO ROOM_ATTACHMENT(NO, REF_NO, CHANGE_NAME)
VALUES(SEQ_ROOM_ATTACHMENT.NEXTVAL, 5, 'surfRoom1.jpg');
INSERT INTO ROOM_ATTACHMENT(NO, REF_NO, CHANGE_NAME)
VALUES(SEQ_ROOM_ATTACHMENT.NEXTVAL, 5, 'surfRoom2.jpg');
INSERT INTO ROOM_ATTACHMENT(NO, REF_NO, CHANGE_NAME)
VALUES(SEQ_ROOM_ATTACHMENT.NEXTVAL, 5, 'surfRoom3.jpg');
INSERT INTO ROOM_ATTACHMENT(NO, REF_NO, CHANGE_NAME)
VALUES(SEQ_ROOM_ATTACHMENT.NEXTVAL, 5, 'surfRoom4.jpg');
INSERT INTO ROOM_ATTACHMENT(NO, REF_NO, CHANGE_NAME)
VALUES(SEQ_ROOM_ATTACHMENT.NEXTVAL, 5, 'surfRoom5.jpg');

INSERT INTO ROOM_ATTACHMENT(NO, REF_NO, CHANGE_NAME)
VALUES(SEQ_ROOM_ATTACHMENT.NEXTVAL, 6, 'treeRoom1.jpg');
INSERT INTO ROOM_ATTACHMENT(NO, REF_NO, CHANGE_NAME)
VALUES(SEQ_ROOM_ATTACHMENT.NEXTVAL, 6, 'treeRoom2.jpg');
INSERT INTO ROOM_ATTACHMENT(NO, REF_NO, CHANGE_NAME)
VALUES(SEQ_ROOM_ATTACHMENT.NEXTVAL, 6, 'treeRoom3.jpg');
INSERT INTO ROOM_ATTACHMENT(NO, REF_NO, CHANGE_NAME)
VALUES(SEQ_ROOM_ATTACHMENT.NEXTVAL, 6, 'treeRoom4.jpg');
INSERT INTO ROOM_ATTACHMENT(NO, REF_NO, CHANGE_NAME)
VALUES(SEQ_ROOM_ATTACHMENT.NEXTVAL, 6, 'treeRoom5.jpg');

-- 숙소 4
INSERT INTO ROOM_ATTACHMENT(NO, REF_NO, CHANGE_NAME)
VALUES(SEQ_ROOM_ATTACHMENT.NEXTVAL, 7, 'wineRoom1.jpg');
INSERT INTO ROOM_ATTACHMENT(NO, REF_NO, CHANGE_NAME)
VALUES(SEQ_ROOM_ATTACHMENT.NEXTVAL, 7, 'wineRoom2.jpg');
INSERT INTO ROOM_ATTACHMENT(NO, REF_NO, CHANGE_NAME)
VALUES(SEQ_ROOM_ATTACHMENT.NEXTVAL, 7, 'wineRoom3.jpg');
INSERT INTO ROOM_ATTACHMENT(NO, REF_NO, CHANGE_NAME)
VALUES(SEQ_ROOM_ATTACHMENT.NEXTVAL, 7, 'wineRoom4.jpg');
INSERT INTO ROOM_ATTACHMENT(NO, REF_NO, CHANGE_NAME)
VALUES(SEQ_ROOM_ATTACHMENT.NEXTVAL, 7, 'wineRoom5.jpg');

INSERT INTO ROOM_ATTACHMENT(NO, REF_NO, CHANGE_NAME)
VALUES(SEQ_ROOM_ATTACHMENT.NEXTVAL, 8, 'viewRoom1.jpg');
INSERT INTO ROOM_ATTACHMENT(NO, REF_NO, CHANGE_NAME)
VALUES(SEQ_ROOM_ATTACHMENT.NEXTVAL, 8, 'viewRoom2.jpg');
INSERT INTO ROOM_ATTACHMENT(NO, REF_NO, CHANGE_NAME)
VALUES(SEQ_ROOM_ATTACHMENT.NEXTVAL, 8, 'viewRoom3.jpg');
INSERT INTO ROOM_ATTACHMENT(NO, REF_NO, CHANGE_NAME)
VALUES(SEQ_ROOM_ATTACHMENT.NEXTVAL, 8, 'viewRoom4.jpg');
INSERT INTO ROOM_ATTACHMENT(NO, REF_NO, CHANGE_NAME)
VALUES(SEQ_ROOM_ATTACHMENT.NEXTVAL, 8, 'viewRoom5.jpg');

-- 숙소 5
INSERT INTO ROOM_ATTACHMENT(NO, REF_NO, CHANGE_NAME)
VALUES(SEQ_ROOM_ATTACHMENT.NEXTVAL, 9, 'beachRoom1.jpg');
INSERT INTO ROOM_ATTACHMENT(NO, REF_NO, CHANGE_NAME)
VALUES(SEQ_ROOM_ATTACHMENT.NEXTVAL, 9, 'beachRoom2.jpg');
INSERT INTO ROOM_ATTACHMENT(NO, REF_NO, CHANGE_NAME)
VALUES(SEQ_ROOM_ATTACHMENT.NEXTVAL, 9, 'beachRoom3.jpg');
INSERT INTO ROOM_ATTACHMENT(NO, REF_NO, CHANGE_NAME)
VALUES(SEQ_ROOM_ATTACHMENT.NEXTVAL, 9, 'beachRoom4.jpg');
INSERT INTO ROOM_ATTACHMENT(NO, REF_NO, CHANGE_NAME)
VALUES(SEQ_ROOM_ATTACHMENT.NEXTVAL, 9, 'beachRoom5.jpg');

INSERT INTO ROOM_ATTACHMENT(NO, REF_NO, CHANGE_NAME)
VALUES(SEQ_ROOM_ATTACHMENT.NEXTVAL, 10, 'beachRoom(2)1.jpg');
INSERT INTO ROOM_ATTACHMENT(NO, REF_NO, CHANGE_NAME)
VALUES(SEQ_ROOM_ATTACHMENT.NEXTVAL, 10, 'beachRoom(2)2.jpg');
INSERT INTO ROOM_ATTACHMENT(NO, REF_NO, CHANGE_NAME)
VALUES(SEQ_ROOM_ATTACHMENT.NEXTVAL, 10, 'beachRoom(2)3.jpg');
INSERT INTO ROOM_ATTACHMENT(NO, REF_NO, CHANGE_NAME)
VALUES(SEQ_ROOM_ATTACHMENT.NEXTVAL, 10, 'beachRoom(2)4.jpg');
INSERT INTO ROOM_ATTACHMENT(NO, REF_NO, CHANGE_NAME)
VALUES(SEQ_ROOM_ATTACHMENT.NEXTVAL, 10, 'beachRoom(2)5.jpg');

-- 숙소 6
INSERT INTO ROOM_ATTACHMENT(NO, REF_NO, CHANGE_NAME)
VALUES(SEQ_ROOM_ATTACHMENT.NEXTVAL, 11, 'campingRoom1.jpg');
INSERT INTO ROOM_ATTACHMENT(NO, REF_NO, CHANGE_NAME)
VALUES(SEQ_ROOM_ATTACHMENT.NEXTVAL, 11, 'campingRoom2.jpg');
INSERT INTO ROOM_ATTACHMENT(NO, REF_NO, CHANGE_NAME)
VALUES(SEQ_ROOM_ATTACHMENT.NEXTVAL, 11, 'campingRoom3.jpg');
INSERT INTO ROOM_ATTACHMENT(NO, REF_NO, CHANGE_NAME)
VALUES(SEQ_ROOM_ATTACHMENT.NEXTVAL, 11, 'campingRoom4.jpg');
INSERT INTO ROOM_ATTACHMENT(NO, REF_NO, CHANGE_NAME)
VALUES(SEQ_ROOM_ATTACHMENT.NEXTVAL, 11, 'campingRoom5.jpg');

INSERT INTO ROOM_ATTACHMENT(NO, REF_NO, CHANGE_NAME)
VALUES(SEQ_ROOM_ATTACHMENT.NEXTVAL, 12, 'campRoom(2)1.jpg');
INSERT INTO ROOM_ATTACHMENT(NO, REF_NO, CHANGE_NAME)
VALUES(SEQ_ROOM_ATTACHMENT.NEXTVAL, 12, 'campRoom(2)2.jpg');
INSERT INTO ROOM_ATTACHMENT(NO, REF_NO, CHANGE_NAME)
VALUES(SEQ_ROOM_ATTACHMENT.NEXTVAL, 12, 'campRoom(2)3.jpg');
INSERT INTO ROOM_ATTACHMENT(NO, REF_NO, CHANGE_NAME)
VALUES(SEQ_ROOM_ATTACHMENT.NEXTVAL, 12, 'campRoom(2)4.jpg');
INSERT INTO ROOM_ATTACHMENT(NO, REF_NO, CHANGE_NAME)
VALUES(SEQ_ROOM_ATTACHMENT.NEXTVAL, 12, 'campRoom(2)5.jpg');

-- 숙소 7
INSERT INTO ROOM_ATTACHMENT(NO, REF_NO, CHANGE_NAME)
VALUES(SEQ_ROOM_ATTACHMENT.NEXTVAL, 13, 'castleRoom1.jpg');
INSERT INTO ROOM_ATTACHMENT(NO, REF_NO, CHANGE_NAME)
VALUES(SEQ_ROOM_ATTACHMENT.NEXTVAL, 13, 'castleRoom2.jpg');
INSERT INTO ROOM_ATTACHMENT(NO, REF_NO, CHANGE_NAME)
VALUES(SEQ_ROOM_ATTACHMENT.NEXTVAL, 13, 'castleRoom3.jpg');
INSERT INTO ROOM_ATTACHMENT(NO, REF_NO, CHANGE_NAME)
VALUES(SEQ_ROOM_ATTACHMENT.NEXTVAL, 13, 'castleRoom4.jpg');
INSERT INTO ROOM_ATTACHMENT(NO, REF_NO, CHANGE_NAME)
VALUES(SEQ_ROOM_ATTACHMENT.NEXTVAL, 13, 'castleRoom5.jpg');

INSERT INTO ROOM_ATTACHMENT(NO, REF_NO, CHANGE_NAME)
VALUES(SEQ_ROOM_ATTACHMENT.NEXTVAL, 14, 'caveRoom1.jpg');
INSERT INTO ROOM_ATTACHMENT(NO, REF_NO, CHANGE_NAME)
VALUES(SEQ_ROOM_ATTACHMENT.NEXTVAL, 14, 'caveRoom2.jpg');
INSERT INTO ROOM_ATTACHMENT(NO, REF_NO, CHANGE_NAME)
VALUES(SEQ_ROOM_ATTACHMENT.NEXTVAL, 14, 'caveRoom3.jpg');
INSERT INTO ROOM_ATTACHMENT(NO, REF_NO, CHANGE_NAME)
VALUES(SEQ_ROOM_ATTACHMENT.NEXTVAL, 14, 'caveRoom4.jpg');
INSERT INTO ROOM_ATTACHMENT(NO, REF_NO, CHANGE_NAME)
VALUES(SEQ_ROOM_ATTACHMENT.NEXTVAL, 14, 'caveRoom5.jpg');

-- 숙소 8
INSERT INTO ROOM_ATTACHMENT(NO, REF_NO, CHANGE_NAME)
VALUES(SEQ_ROOM_ATTACHMENT.NEXTVAL, 15, 'countryRoom1.jpg');
INSERT INTO ROOM_ATTACHMENT(NO, REF_NO, CHANGE_NAME)
VALUES(SEQ_ROOM_ATTACHMENT.NEXTVAL, 15, 'countryRoom2.jpg');
INSERT INTO ROOM_ATTACHMENT(NO, REF_NO, CHANGE_NAME)
VALUES(SEQ_ROOM_ATTACHMENT.NEXTVAL, 15, 'countryRoom3.jpg');
INSERT INTO ROOM_ATTACHMENT(NO, REF_NO, CHANGE_NAME)
VALUES(SEQ_ROOM_ATTACHMENT.NEXTVAL, 15, 'countryRoom4.jpg');
INSERT INTO ROOM_ATTACHMENT(NO, REF_NO, CHANGE_NAME)
VALUES(SEQ_ROOM_ATTACHMENT.NEXTVAL, 15, 'countryRoom5.jpg');

INSERT INTO ROOM_ATTACHMENT(NO, REF_NO, CHANGE_NAME)
VALUES(SEQ_ROOM_ATTACHMENT.NEXTVAL, 16, 'farmRoom1.jpg');
INSERT INTO ROOM_ATTACHMENT(NO, REF_NO, CHANGE_NAME)
VALUES(SEQ_ROOM_ATTACHMENT.NEXTVAL, 16, 'farmRoom2.jpg');
INSERT INTO ROOM_ATTACHMENT(NO, REF_NO, CHANGE_NAME)
VALUES(SEQ_ROOM_ATTACHMENT.NEXTVAL, 16, 'farmRoom3.jpg');
INSERT INTO ROOM_ATTACHMENT(NO, REF_NO, CHANGE_NAME)
VALUES(SEQ_ROOM_ATTACHMENT.NEXTVAL, 16, 'farmRoom4.jpg');
INSERT INTO ROOM_ATTACHMENT(NO, REF_NO, CHANGE_NAME)
VALUES(SEQ_ROOM_ATTACHMENT.NEXTVAL, 16, 'farmRoom5.jpg');

-- 숙소 9
INSERT INTO ROOM_ATTACHMENT(NO, REF_NO, CHANGE_NAME)
VALUES(SEQ_ROOM_ATTACHMENT.NEXTVAL, 17, 'golfRoom1.jpg');
INSERT INTO ROOM_ATTACHMENT(NO, REF_NO, CHANGE_NAME)
VALUES(SEQ_ROOM_ATTACHMENT.NEXTVAL, 17, 'golfRoom2.jpg');
INSERT INTO ROOM_ATTACHMENT(NO, REF_NO, CHANGE_NAME)
VALUES(SEQ_ROOM_ATTACHMENT.NEXTVAL, 17, 'golfRoom3.jpg');
INSERT INTO ROOM_ATTACHMENT(NO, REF_NO, CHANGE_NAME)
VALUES(SEQ_ROOM_ATTACHMENT.NEXTVAL, 17, 'golfRoom4.jpg');
INSERT INTO ROOM_ATTACHMENT(NO, REF_NO, CHANGE_NAME)
VALUES(SEQ_ROOM_ATTACHMENT.NEXTVAL, 17, 'golfRoom5.jpg');

INSERT INTO ROOM_ATTACHMENT(NO, REF_NO, CHANGE_NAME)
VALUES(SEQ_ROOM_ATTACHMENT.NEXTVAL, 18, 'golfRoom(2)1.jpg');
INSERT INTO ROOM_ATTACHMENT(NO, REF_NO, CHANGE_NAME)
VALUES(SEQ_ROOM_ATTACHMENT.NEXTVAL, 18, 'golfRoom(2)2.jpg');
INSERT INTO ROOM_ATTACHMENT(NO, REF_NO, CHANGE_NAME)
VALUES(SEQ_ROOM_ATTACHMENT.NEXTVAL, 18, 'golfRoom(2)3.jpg');
INSERT INTO ROOM_ATTACHMENT(NO, REF_NO, CHANGE_NAME)
VALUES(SEQ_ROOM_ATTACHMENT.NEXTVAL, 18, 'golfRoom(2)4.jpg');
INSERT INTO ROOM_ATTACHMENT(NO, REF_NO, CHANGE_NAME)
VALUES(SEQ_ROOM_ATTACHMENT.NEXTVAL, 18, 'golfRoom(2)5.jpg');

-- 숙소 10
INSERT INTO ROOM_ATTACHMENT(NO, REF_NO, CHANGE_NAME)
VALUES(SEQ_ROOM_ATTACHMENT.NEXTVAL, 19, 'koreanRoom1.jpg');
INSERT INTO ROOM_ATTACHMENT(NO, REF_NO, CHANGE_NAME)
VALUES(SEQ_ROOM_ATTACHMENT.NEXTVAL, 19, 'koreanRoom2.jpg');
INSERT INTO ROOM_ATTACHMENT(NO, REF_NO, CHANGE_NAME)
VALUES(SEQ_ROOM_ATTACHMENT.NEXTVAL, 19, 'koreanRoom3.jpg');
INSERT INTO ROOM_ATTACHMENT(NO, REF_NO, CHANGE_NAME)
VALUES(SEQ_ROOM_ATTACHMENT.NEXTVAL, 19, 'koreanRoom4.jpg');
INSERT INTO ROOM_ATTACHMENT(NO, REF_NO, CHANGE_NAME)
VALUES(SEQ_ROOM_ATTACHMENT.NEXTVAL, 19, 'koreanRoom5.jpg');

INSERT INTO ROOM_ATTACHMENT(NO, REF_NO, CHANGE_NAME)
VALUES(SEQ_ROOM_ATTACHMENT.NEXTVAL, 20, 'koreanRoom(2)1.jpg');
INSERT INTO ROOM_ATTACHMENT(NO, REF_NO, CHANGE_NAME)
VALUES(SEQ_ROOM_ATTACHMENT.NEXTVAL, 20, 'koreanRoom(2)2.jpg');
INSERT INTO ROOM_ATTACHMENT(NO, REF_NO, CHANGE_NAME)
VALUES(SEQ_ROOM_ATTACHMENT.NEXTVAL, 20, 'koreanRoom(2)3.jpg');
INSERT INTO ROOM_ATTACHMENT(NO, REF_NO, CHANGE_NAME)
VALUES(SEQ_ROOM_ATTACHMENT.NEXTVAL, 20, 'koreanRoom(2)4.jpg');
INSERT INTO ROOM_ATTACHMENT(NO, REF_NO, CHANGE_NAME)
VALUES(SEQ_ROOM_ATTACHMENT.NEXTVAL, 20, 'koreanRoom(2)5.jpg');



COMMIT;
